date,close,crash_prob_5d,crash_label,lppls_confidence,bubble_score,tc_offset_days,m,hawkes_prob_5d,hmm_prob_5d
2014-01-01,1.0,0.150738,0.0,0.0,-0.2,180.0,0.5,0.358657,0.044227
2014-01-02,90.582458,0.209379,0.0,0.0,-0.08,180.0,0.5,0.358657,0.002552
2014-01-03,90.459424,0.207023,0.0,0.0,-0.08,180.0,0.5,0.358657,0.004157
2014-01-06,91.192592,0.207023,0.0,0.0,-0.08,180.0,0.5,0.358657,0.004157
2014-01-07,92.90245,0.200571,0.0,0.0,-0.165675,180.0,0.5,0.358657,0.004157
2014-01-08,92.669572,0.207023,0.0,0.0,-0.08,180.0,0.5,0.358657,0.004157
2014-01-09,92.437296,0.207023,0.0,0.0,-0.08,180.0,0.5,0.358657,0.004157
2014-01-10,94.234004,0.206818,0.0,0.0,-0.082669,180.0,0.5,0.358657,0.004157
2014-01-13,95.134369,0.207023,0.0,0.0,-0.08,180.0,0.5,0.358657,0.004157
2014-01-14,94.628303,0.207023,0.0,0.0,-0.08,180.0,0.5,0.358657,0.004157
2014-01-15,95.274989,0.207023,1.0,0.0,-0.08,180.0,0.5,0.358657,0.004157
2014-01-16,94.775063,0.200914,1.0,0.0,-0.161044,180.0,0.5,0.358657,0.004157
2014-01-17,94.275143,0.207023,1.0,0.0,-0.08,180.0,0.5,0.358657,0.004157
2014-01-20,94.577643,0.207023,1.0,0.0,-0.08,180.0,0.5,0.358657,0.004157
2014-01-21,92.458671,0.232917,0.0,0.0,0.194003,180.0,0.5,0.358657,0.004157
2014-01-22,90.591712,0.221287,0.0,0.0,0.08151,180.0,0.5,0.358657,0.004157
2014-01-23,90.009506,0.219147,0.0,0.0,0.060106,180.0,0.5,0.358657,0.004157
2014-01-24,88.948834,0.218642,0.0,0.0,0.055012,180.0,0.5,0.358657,0.004157
2014-01-27,89.31168,0.214628,0.0,0.0,0.014127,180.0,0.5,0.358657,0.004157
2014-01-28,88.370304,0.203316,0.0,0.0,-0.128853,180.0,0.5,0.358657,0.004157
2014-01-29,86.911325,0.214337,0.0,0.0,0.011135,180.0,0.5,0.358657,0.004157
2014-01-30,88.479964,0.213538,0.0,0.0,0.002881,180.0,0.5,0.358657,0.004157
2014-01-31,88.267044,0.198503,0.0,0.0,-0.193812,180.0,0.5,0.358657,0.004157
2014-02-03,88.365105,0.160747,0.0,0.0,-0.01613,180.0,0.5,0.358657,0.044227
2014-02-04,86.893234,0.160995,0.0,0.0,-0.011751,180.0,0.5,0.358657,0.044227
2014-02-05,86.353349,0.157334,0.0,0.0,-0.077155,180.0,0.5,0.358657,0.044227
2014-02-06,86.494312,0.153374,0.0,0.0,-0.150101,180.0,0.5,0.358657,0.044227
2014-02-07,85.333468,0.153615,0.0,0.0,-0.145592,180.0,0.5,0.358657,0.044227
2014-02-10,85.744771,0.148932,0.0,0.0,-0.234839,180.0,0.5,0.358657,0.044227
2014-02-11,85.154516,0.152147,0.0,0.0,-0.173197,180.0,0.5,0.358657,0.044227
2014-02-12,84.88243,0.154355,0.0,0.0,-0.131806,180.0,0.5,0.358657,0.044227
2014-02-13,84.29703,0.154466,0.0,0.0,-0.129751,180.0,0.5,0.358657,0.044227
2014-02-14,86.217569,0.155641,0.0,0.0,-0.108056,180.0,0.5,0.358657,0.044227
2014-02-17,86.229471,0.158779,0.0,0.0,-0.051117,180.0,0.5,0.358657,0.044227
2014-02-18,85.167464,0.156574,0.0,0.0,-0.090985,180.0,0.5,0.358657,0.044227
2014-02-19,86.038082,0.154438,1.0,0.0,-0.130265,180.0,0.5,0.358657,0.044227
2014-02-20,84.812242,0.156268,0.0,0.0,-0.096568,180.0,0.5,0.358657,0.044227
2014-02-21,85.05059,0.162593,0.0,0.0,0.013321,180.0,0.5,0.358657,0.044227
2014-02-24,83.098796,0.155852,0.0,0.0,-0.104186,180.0,0.5,0.358657,0.044227
2014-02-25,81.809386,0.155176,0.0,0.0,-0.116608,180.0,0.5,0.358657,0.044227
2014-02-26,82.02748,0.153011,0.0,0.0,-0.156904,180.0,0.5,0.358657,0.044227
2014-02-27,82.782436,0.155374,0.0,0.0,-0.112958,180.0,0.5,0.358657,0.044227
2014-02-28,82.977736,0.153863,0.0,0.0,-0.140975,180.0,0.5,0.358657,0.044227
2014-03-03,82.887524,0.156374,0.0,0.0,-0.09463,180.0,0.5,0.358657,0.044227
2014-03-04,82.613352,0.147999,0.0,0.0,-0.253048,180.0,0.5,0.358657,0.044227
2014-03-05,81.184882,0.156643,0.0,0.0,-0.089721,180.0,0.5,0.358657,0.044227
2014-03-06,80.510766,0.149443,0.0,0.0,-0.22493,180.0,0.5,0.358657,0.044227
2014-03-07,80.090981,0.152019,0.0,0.0,-0.175622,180.0,0.5,0.358657,0.044227
2014-03-10,81.137782,0.151561,0.0,0.0,-0.184301,180.0,0.5,0.358657,0.044227
2014-03-11,81.497483,0.152286,0.0,0.0,-0.170561,180.0,0.5,0.358657,0.044227
2014-03-12,79.815335,0.152573,0.0,0.0,-0.165143,180.0,0.5,0.358657,0.044227
2014-03-13,80.150384,0.151562,0.0,0.0,-0.184292,180.0,0.5,0.358657,0.044227
2014-03-14,79.804802,0.148169,0.0,0.0,-0.249719,180.0,0.5,0.358657,0.044227
2014-03-17,79.18292,0.155503,0.0,0.0,-0.1106,180.0,0.5,0.358657,0.044227
2014-03-18,79.790203,0.152798,0.0,0.0,-0.160913,180.0,0.5,0.358657,0.044227
2014-03-19,80.807738,0.156329,0.0,0.0,-0.09545,180.0,0.5,0.358657,0.044227
2014-03-20,81.740377,0.148544,0.0,0.0,-0.242396,180.0,0.5,0.358657,0.044227
2014-03-21,80.945612,0.157309,0.0,0.0,-0.077613,180.0,0.5,0.358657,0.044227
2014-03-24,80.670013,0.146927,0.0,0.0,-0.274143,180.0,0.5,0.358657,0.044227
2014-03-25,81.015629,0.156858,0.0,0.0,-0.08581,180.0,0.5,0.358657,0.044227
2014-03-26,81.994209,0.158145,0.0,0.0,-0.062505,180.0,0.5,0.358657,0.044227
2014-03-27,81.548549,0.159472,0.0,0.0,-0.038728,180.0,0.5,0.358657,0.044227
2014-03-28,81.391482,0.159448,0.0,0.0,-0.039154,180.0,0.5,0.358657,0.044227
2014-03-31,80.342168,0.155275,0.0,0.0,-0.114795,180.0,0.5,0.358657,0.044227
2014-04-01,79.220898,0.15735,0.0,0.0,-0.076868,180.0,0.5,0.358657,0.044227
2014-04-02,80.021107,0.157773,0.0,0.0,-0.069218,180.0,0.5,0.358657,0.044227
2014-04-03,81.3585,0.158178,0.0,0.0,-0.061907,180.0,0.5,0.358657,0.044227
2014-04-04,81.312617,0.159443,0.0,0.0,-0.039254,180.0,0.5,0.358657,0.044227
2014-04-07,82.322429,0.168076,0.0,0.0,0.09009,180.0,0.5,0.358657,0.044227
2014-04-08,82.705262,0.168389,0.0,0.0,0.094381,180.0,0.5,0.358657,0.044227
2014-04-09,82.0921,0.162282,0.0,0.0,0.008874,180.0,0.5,0.358657,0.044227
2014-04-10,82.473624,0.1609,0.0,0.0,-0.01342,180.0,0.5,0.358657,0.044227
2014-04-11,84.035134,0.164239,0.0,0.0,0.0367,180.0,0.5,0.358657,0.044227
2014-04-14,84.024218,0.169245,0.0,0.0,0.106053,180.0,0.5,0.358657,0.044227
2014-04-15,85.642426,0.167845,0.0,0.0,0.086915,180.0,0.5,0.358657,0.044227
2014-04-16,83.01687,0.16771,0.0,0.0,0.085062,180.0,0.5,0.358657,0.044227
2014-04-17,83.864858,0.219612,0.0,0.0,0.076168,180.0,0.5,0.520563,0.044227
2014-04-18,83.977696,0.193927,0.0,0.0,-0.083158,180.0,0.5,0.485896,0.044227
2014-04-21,83.702023,0.190657,0.0,0.0,-7.6e-05,180.0,0.5,0.45788,0.044227
2014-04-22,83.819383,0.19232,0.0,0.0,0.104189,180.0,0.5,0.43557,0.044227
2014-04-23,81.868431,0.175386,0.0,0.0,-0.045829,180.0,0.5,0.418,0.044227
2014-04-24,81.677404,0.21677,0.0,0.0,-0.099923,180.0,0.5,0.55467,0.044227
2014-04-25,82.052784,0.205486,0.0,0.0,-0.055635,180.0,0.5,0.513938,0.044227
2014-04-28,83.546008,0.202577,0.0,0.0,0.049592,180.0,0.5,0.480505,0.044227
2014-04-29,83.052939,0.195246,0.0,0.0,0.069667,180.0,0.5,0.453565,0.044227
2014-04-30,82.275741,0.188425,0.0,0.0,0.071158,180.0,0.5,0.432158,0.044227
2014-05-01,81.806379,0.172846,0.0,0.0,-0.074081,180.0,0.5,0.415329,0.044227
2014-05-02,82.734778,0.164076,0.0,0.0,-0.159449,180.0,0.5,0.402205,0.044227
2014-05-05,83.086735,0.168902,0.0,0.0,-0.030905,180.0,0.5,0.392033,0.044227
2014-05-06,82.584989,0.170606,0.0,0.0,0.027503,180.0,0.5,0.384186,0.044227
2014-05-07,83.12015,0.166395,0.0,0.0,-0.008733,180.0,0.5,0.378155,0.044227
2014-05-08,83.242004,0.160043,0.0,0.0,-0.097349,180.0,0.5,0.373531,0.044227
2014-05-09,84.240501,0.162094,0.0,0.0,-0.044894,180.0,0.5,0.369994,0.044227
2014-05-12,83.55885,0.168693,0.0,0.0,0.065733,180.0,0.5,0.367292,0.044227
2014-05-13,83.25592,0.167435,0.0,0.0,0.056304,180.0,0.5,0.365231,0.044227
2014-05-14,82.889959,0.164255,0.0,0.0,0.017925,180.0,0.5,0.36366,0.044227
2014-05-15,81.471377,0.158676,0.0,0.0,-0.070554,180.0,0.5,0.362463,0.044227
2014-05-16,81.785928,0.154347,0.0,0.0,-0.14535,180.0,0.5,0.361552,0.044227
2014-05-19,82.067154,0.154204,0.0,0.0,-0.14479,180.0,0.5,0.360858,0.044227
2014-05-20,82.096815,0.109556,0.0,0.0,-1.178557,180.0,0.5,0.360331,0.044227
2014-05-21,81.890597,0.113496,0.0,0.0,-1.063431,180.0,0.5,0.35993,0.044227
2014-05-22,80.535633,0.109419,0.0,0.0,-1.179338,180.0,0.5,0.359625,0.044227
2014-05-23,80.154177,0.112072,0.0,0.0,-1.101243,180.0,0.5,0.359393,0.044227
2014-05-26,79.849165,0.104986,0.0,0.0,-1.312287,180.0,0.5,0.359216,0.044227
2014-05-27,79.107848,0.111629,0.0,0.0,-1.112484,180.0,0.5,0.359082,0.044227
2014-05-28,78.978578,0.10801,0.0,0.0,-1.21835,180.0,0.5,0.35898,0.044227
2014-05-29,79.386257,0.115125,0.0,0.0,-1.013472,180.0,0.5,0.358903,0.044227
2014-05-30,81.227958,0.116538,0.0,0.0,-0.974697,180.0,0.5,0.358844,0.044227
2014-06-02,81.422727,0.120583,0.0,0.0,-0.867775,180.0,0.5,0.358799,0.044227
2014-06-03,81.699267,0.122573,0.0,0.0,-0.816935,180.0,0.5,0.358765,0.044227
2014-06-04,81.650806,0.124519,0.0,0.0,-0.768331,180.0,0.5,0.358739,0.044227
2014-06-05,79.816195,0.126475,0.0,0.0,-0.72053,180.0,0.5,0.358719,0.044227
2014-06-06,79.814745,0.163429,0.0,0.0,-0.717939,180.0,0.5,0.520599,0.044227
2014-06-09,79.896418,0.155611,0.0,0.0,-0.696957,180.0,0.5,0.485925,0.044227
2014-06-10,82.318011,0.146061,0.0,0.0,-0.75017,180.0,0.5,0.457903,0.044227
2014-06-11,82.152855,0.141506,0.0,0.0,-0.739678,180.0,0.5,0.435588,0.044227
2014-06-12,82.475408,0.152475,0.0,0.0,-0.441407,180.0,0.5,0.418015,0.044227
2014-06-13,82.465797,0.150778,0.0,0.0,-0.41021,180.0,0.5,0.404293,0.044227
2014-06-16,81.341756,0.143461,0.0,0.0,-0.505545,180.0,0.5,0.393648,0.044227
2014-06-17,82.489694,0.147064,0.0,0.0,-0.395211,180.0,0.5,0.38543,0.044227
2014-06-18,83.262358,0.148117,0.0,0.0,-0.345286,180.0,0.5,0.37911,0.044227
2014-06-19,84.0817,0.147927,0.0,0.0,-0.326608,180.0,0.5,0.374262,0.044227
2014-06-20,83.194089,0.14731,0.0,0.0,-0.321588,180.0,0.5,0.370553,0.044227
2014-06-23,84.631778,0.145548,0.0,0.0,-0.343491,180.0,0.5,0.367719,0.044227
2014-06-24,83.244962,0.144495,0.0,0.0,-0.35468,180.0,0.5,0.365556,0.044227
2014-06-25,83.85842,0.146498,0.0,0.0,-0.30692,180.0,0.5,0.363908,0.044227
2014-06-26,86.117735,0.140562,0.0,0.0,-0.422187,180.0,0.5,0.362652,0.044227
2014-06-27,85.125695,0.149632,0.0,0.0,-0.235317,180.0,0.5,0.361696,0.044227
2014-06-30,84.574547,0.149287,0.0,0.0,-0.238621,180.0,0.5,0.360968,0.044227
2014-07-01,84.70115,0.18626,0.0,1.0,0.509585,105.47286,0.255,0.360414,0.0
2014-07-02,84.216214,0.192557,0.0,1.0,0.585996,105.47286,0.255,0.359993,0.0
2014-07-03,82.688415,0.195768,0.0,1.0,0.624256,105.47286,0.255,0.359673,0.0
2014-07-04,82.781306,0.240131,0.0,1.0,0.461951,105.47286,0.255,0.52114,0.0
2014-07-07,81.75726,0.222961,0.0,1.0,0.431348,105.47286,0.255,0.486366,0.0
2014-07-08,82.247889,0.192687,0.0,1.0,0.214234,105.47286,0.255,0.458257,0.0
2014-07-09,81.369836,0.185319,0.0,1.0,0.211537,105.47286,0.255,0.435868,0.0
2014-07-10,82.922285,0.195645,0.0,1.0,0.400397,105.47286,0.255,0.418234,0.0
2014-07-11,82.171194,0.181288,0.0,1.0,0.281049,105.47286,0.255,0.404464,0.0
2014-07-14,81.878797,0.171682,0.0,1.0,0.197445,105.47286,0.255,0.39378,0.0
2014-07-15,82.706837,0.208951,0.0,1.0,0.553053,105.927887,0.322805,0.385532,0.0
2014-07-16,81.518656,0.194456,0.0,1.0,0.417016,105.927887,0.322805,0.379188,0.0
2014-07-17,81.765993,0.179146,0.0,1.0,0.250485,105.927887,0.322805,0.374322,0.0
2014-07-18,83.083584,0.190365,0.0,1.0,0.401932,105.927887,0.322805,0.370599,0.0
2014-07-21,81.52073,0.181772,0.0,1.0,0.308479,105.927887,0.322805,0.367754,0.0
2014-07-22,81.726062,0.223526,0.0,1.0,0.169282,105.927887,0.322805,0.525741,0.0
2014-07-23,82.005928,0.210995,0.0,1.0,0.177317,105.927887,0.322805,0.490121,0.0
2014-07-24,82.803755,0.202741,0.0,1.0,0.198355,105.927887,0.322805,0.46127,0.0
2014-07-25,81.608221,0.195826,0.0,1.0,0.208361,105.927887,0.322805,0.438254,0.0
2014-07-28,80.349392,0.198714,0.0,1.0,0.310015,105.927887,0.322805,0.420105,0.0
2014-07-29,80.878483,0.183742,0.0,1.0,0.195197,114.24788,0.255,0.40592,0.0
2014-07-30,81.191587,0.242142,0.0,1.0,0.187502,178.424165,0.364482,0.394907,0.0
2014-07-31,81.460444,0.243212,0.0,1.0,0.229452,178.424165,0.364482,0.3864,0.0
2014-08-01,81.824355,0.235745,0.0,1.0,0.186099,178.424165,0.364482,0.379855,0.0
2014-08-04,81.183712,0.245416,0.0,1.0,0.293102,178.424165,0.364482,0.374833,0.0
2014-08-05,81.434717,0.23457,0.0,1.0,0.208826,178.424165,0.364482,0.370989,0.0
2014-08-06,81.746137,0.204233,0.0,1.0,0.228997,193.272691,0.133945,0.368052,0.0
2014-08-07,81.072704,0.203585,0.0,1.0,0.230447,193.272691,0.133945,0.36581,0.0
2014-08-08,82.933213,0.200118,0.0,1.0,0.198684,193.272691,0.133945,0.364101,0.0
2014-08-11,83.43114,0.215294,0.0,1.0,0.365781,193.272691,0.133945,0.362799,0.0
2014-08-12,82.271601,0.228888,0.0,1.0,0.25801,170.14413,0.348546,0.361808,0.0
2014-08-13,82.94723,0.226951,0.0,1.0,0.280511,167.851787,0.332785,0.361053,0.0
2014-08-14,82.007314,0.223483,0.0,1.0,0.248845,167.851787,0.332785,0.360479,0.0
2014-08-15,82.810383,0.227604,0.0,1.0,0.290655,167.851787,0.332785,0.360042,0.0
2014-08-18,83.994944,0.225781,0.0,1.0,0.27425,167.851787,0.332785,0.35971,0.0
2014-08-19,83.196761,0.227282,0.0,1.0,0.289768,167.851787,0.332785,0.359458,0.0
2014-08-20,84.189392,0.222228,0.0,1.0,0.378348,153.763438,0.300199,0.359266,0.0
2014-08-21,84.632834,0.210675,0.0,1.0,0.261084,153.763438,0.300199,0.35912,0.0
2014-08-22,85.49749,0.221554,0.0,1.0,0.372632,153.763438,0.300199,0.359009,0.0
2014-08-25,87.492103,0.222399,0.0,1.0,0.381333,153.763438,0.300199,0.358924,0.0
2014-08-26,87.261022,0.220234,0.0,1.0,0.630127,166.35715,0.09085,0.35886,0.0
2014-08-27,86.501266,0.205129,0.0,1.0,0.552297,156.101885,0.079518,0.358812,0.0
2014-08-28,85.608525,0.185214,0.0,1.0,0.323736,156.101885,0.079518,0.358775,0.0
2014-08-29,84.799967,0.182228,0.0,1.0,0.287071,156.101885,0.079518,0.358746,0.0
2014-09-01,84.746965,0.180244,0.0,1.0,0.262328,156.101885,0.079518,0.358725,0.0
2014-09-02,85.120147,0.188165,0.0,1.0,0.359649,156.101885,0.079518,0.358709,0.0
2014-09-03,85.428865,0.159576,0.0,1.0,0.171168,133.329668,0.066271,0.358696,0.0
2014-09-04,86.30696,0.168861,0.0,1.0,0.302321,133.329668,0.066271,0.358687,0.0
2014-09-05,86.346327,0.16362,0.0,1.0,0.229477,133.329668,0.066271,0.35868,0.0
2014-09-08,87.89199,0.164073,0.0,1.0,0.235904,133.329668,0.066271,0.358674,0.0
2014-09-09,87.639586,0.169665,0.0,1.0,0.255607,132.281426,0.106752,0.35867,0.0
2014-09-10,90.574691,0.173928,0.0,1.0,0.233396,140.956231,0.111677,0.358667,0.0
2014-09-11,91.284667,0.174648,0.0,1.0,0.242842,140.956231,0.111677,0.358665,0.0
2014-09-12,90.377644,0.173855,0.0,1.0,0.232452,140.956231,0.111677,0.358663,0.0
2014-09-15,89.250429,0.17607,0.0,1.0,0.261376,140.956231,0.111677,0.358662,0.0
2014-09-16,89.795593,0.165435,0.0,1.0,0.118238,140.956231,0.111677,0.358661,0.0
2014-09-17,89.581995,0.177095,0.0,1.0,0.184191,147.438897,0.137599,0.35866,0.0
2014-09-18,90.379941,0.171934,0.0,1.0,0.116576,147.438897,0.137599,0.358659,0.0
2014-09-19,90.921928,0.17211,0.0,1.0,0.118931,147.438897,0.137599,0.358659,0.0
2014-09-22,90.869759,0.170669,0.0,1.0,0.099638,147.438897,0.137599,0.358658,0.0
2014-09-23,89.978048,0.196501,0.0,1.0,0.013424,185.134214,0.255212,0.358658,0.0
2014-09-24,88.3837,0.168692,0.0,1.0,-0.108711,148.426664,0.231702,0.358658,0.0
2014-09-25,87.937768,0.201534,0.0,1.0,-0.36743,148.426664,0.231702,0.520564,0.0
2014-09-26,88.872803,0.197483,0.0,1.0,-0.262298,148.426664,0.231702,0.485896,0.0
2014-09-29,89.128157,0.176979,0.0,1.0,-0.433701,148.426664,0.231702,0.45788,0.0
2014-09-30,87.832047,0.17881,0.0,1.0,-0.302032,148.426664,0.231702,0.43557,0.0
2014-10-01,88.041175,0.152849,0.0,1.0,-0.44117,125.42523,0.235597,0.418,0.0
2014-10-02,88.475742,0.154301,0.0,1.0,-0.35062,125.42523,0.235597,0.404282,0.0
2014-10-03,87.568568,0.150224,0.0,1.0,-0.378455,125.42523,0.235597,0.393639,0.0
2014-10-06,87.756578,0.151011,0.0,1.0,-0.325408,125.42523,0.235597,0.385424,0.0
2014-10-07,87.844247,0.126708,0.0,1.0,-0.053955,90.828998,0.13587,0.379105,0.0
2014-10-08,86.67363,0.124113,0.0,1.0,0.10872,80.170245,0.156975,0.374259,0.0
2014-10-09,87.072676,0.115141,0.0,1.0,-0.084451,80.170245,0.156975,0.37055,0.0
2014-10-10,87.686903,0.115309,0.0,1.0,-0.066736,80.170245,0.156975,0.367717,0.0
2014-10-13,88.860628,0.117811,0.0,1.0,0.008905,80.170245,0.156975,0.365555,0.0
2014-10-14,90.018462,0.144405,0.0,1.0,0.520585,80.170245,0.156975,0.363906,0.0
2014-10-15,88.569075,0.119324,0.0,1.0,0.532976,63.488441,0.165122,0.362651,0.0
2014-10-16,87.604192,0.153284,0.0,1.0,0.53912,63.488441,0.165122,0.522834,0.0
2014-10-17,88.173748,0.151386,0.0,1.0,0.642951,63.488441,0.165122,0.487748,0.0
2014-10-20,88.745676,0.13371,0.0,1.0,0.451274,63.488441,0.165122,0.459365,0.0
2014-10-21,89.322666,0.114982,0.0,0.75,-0.099619,68.42064,0.223904,0.436745,0.0
2014-10-22,93.577321,0.115301,0.0,0.75,-0.041227,68.935387,0.230263,0.418922,0.0
2014-10-23,94.248861,0.114032,0.0,0.75,-0.011924,68.935387,0.230263,0.404999,0.0
2014-10-24,95.570628,0.112444,0.0,0.75,-0.006649,68.935387,0.230263,0.394194,0.0
2014-10-27,96.700015,0.11356,0.0,0.75,0.052098,68.935387,0.230263,0.385851,0.0
2014-10-28,97.488093,0.141861,0.0,0.75,0.634474,68.935387,0.230263,0.379433,0.0
2014-10-29,97.14911,0.240907,0.0,0.75,0.761528,141.382115,0.211066,0.37451,0.0
2014-10-30,98.067366,0.223883,0.0,0.75,0.615165,141.382115,0.211066,0.370742,0.0
2014-10-31,97.191256,0.221268,0.0,0.75,0.600247,141.382115,0.211066,0.367863,0.0
2014-11-03,96.944526,0.217285,0.0,0.75,0.568563,141.382115,0.211066,0.365666,0.0
2014-11-04,96.410446,0.135855,0.0,0.75,-0.441307,125.622688,0.205384,0.363992,0.0
2014-11-05,96.534171,0.14058,0.0,0.75,-0.410428,125.303795,0.245246,0.362716,0.0
2014-11-06,99.28286,0.141956,0.0,0.75,-0.377297,125.303795,0.245246,0.361744,0.0
2014-11-07,97.112079,0.142738,0.0,0.75,-0.35777,125.303795,0.245246,0.361005,0.0
2014-11-10,97.94449,0.175818,0.0,0.75,-0.507644,125.303795,0.245246,0.521898,0.0
2014-11-11,96.096059,0.225817,0.0,0.75,0.274623,125.303795,0.245246,0.486984,0.0
2014-11-12,95.582057,0.249976,0.0,0.75,0.222902,116.035522,0.22074,0.595389,0.0
2014-11-13,96.86832,0.234781,0.0,0.75,0.265409,116.035522,0.22074,0.548103,0.0
2014-11-14,96.972156,0.221191,0.0,0.75,0.284933,116.035522,0.22074,0.508499,0.0
2014-11-17,95.754818,0.201006,0.0,0.75,0.196169,116.035522,0.22074,0.476093,0.0
2014-11-18,94.964896,0.179116,0.0,0.75,-0.262735,175.149345,0.10402,0.450041,0.0
2014-11-19,95.771244,0.162976,0.0,0.75,-0.268553,161.264793,0.068623,0.429377,0.0
2014-11-20,94.964019,0.161212,0.0,0.75,-0.224361,161.264793,0.068623,0.413154,0.0
2014-11-21,95.239577,0.151739,0.0,0.75,-0.338922,161.264793,0.068623,0.400515,0.0
2014-11-24,95.320266,0.156519,0.0,0.75,-0.20472,161.264793,0.068623,0.390727,0.0
2014-11-25,94.606221,0.133808,0.0,0.75,-0.627789,161.264793,0.068623,0.383182,0.0
2014-11-26,97.100893,0.121115,0.0,0.75,-0.624362,125.270809,0.094048,0.377384,0.0
2014-11-27,97.871716,0.120505,0.0,0.75,-0.61951,125.270809,0.094048,0.372941,0.0
2014-11-28,95.550594,0.122226,0.0,0.75,-0.559844,125.270809,0.094048,0.369543,0.0
2014-12-01,95.793357,0.155855,0.0,0.75,-0.565598,125.270809,0.094048,0.526761,0.0
2014-12-02,95.064147,0.108381,0.0,1.0,-1.105835,91.633124,0.148756,0.490955,0.0
2014-12-03,96.070385,0.103546,0.0,1.0,-0.915891,82.15816,0.161973,0.461939,0.0
2014-12-04,95.189615,0.102402,0.0,1.0,-0.845758,82.15816,0.161973,0.438785,0.0
2014-12-05,95.087166,0.101381,0.0,1.0,-0.794757,82.15816,0.161973,0.420522,0.0
2014-12-08,95.693833,0.101287,0.0,1.0,-0.73183,82.15816,0.161973,0.406245,0.0
2014-12-09,96.722197,0.125947,0.0,1.0,0.012393,82.15816,0.161973,0.395158,0.0
2014-12-10,95.367645,0.118486,1.0,1.0,-0.148497,82.053568,0.170563,0.386594,0.0
2014-12-11,95.014105,0.119751,1.0,1.0,-0.084879,82.053568,0.170563,0.380004,0.0
2014-12-12,94.502473,0.122434,1.0,1.0,0.00593,82.053568,0.170563,0.374947,0.0
2014-12-15,93.792609,0.113827,1.0,1.0,-0.203234,82.053568,0.170563,0.371077,0.0
2014-12-16,95.82959,0.110384,1.0,1.0,-0.255909,70.703029,0.333634,0.368119,0.0
2014-12-17,13.668458,0.09348,0.0,1.0,-0.294188,58.4682,0.35053,0.365861,0.0
2014-12-18,13.862876,0.112833,0.0,1.0,-0.402245,58.4682,0.35053,0.524662,0.0
2014-12-19,14.057183,0.101897,0.0,1.0,-0.570941,58.4682,0.35053,0.48924,0.0
2014-12-22,14.251238,0.103295,0.0,1.0,-0.393038,58.4682,0.35053,0.460562,0.0
2014-12-23,14.444897,0.100219,0.0,1.0,-0.388223,58.4682,0.35053,0.437693,0.0
2014-12-24,14.63801,0.210233,0.0,1.0,-0.474763,187.999301,0.442769,0.419665,0.0
2014-12-25,14.830426,0.199642,0.0,1.0,-0.549428,187.999301,0.442769,0.405578,0.0
2014-12-26,15.02199,0.201843,0.0,1.0,-0.469136,187.999301,0.442769,0.394642,0.0
2014-12-29,15.212542,0.203428,0.0,1.0,-0.408902,187.999301,0.442769,0.386196,0.0
2014-12-30,15.401921,0.201515,0.0,1.0,-0.404465,187.999301,0.442769,0.379698,0.0
2014-12-31,15.589962,0.199716,0.0,1.0,-0.421072,185.846866,0.456132,0.374713,0.0
2015-01-01,15.776497,0.19954,0.0,1.0,-0.405829,185.846866,0.456132,0.370898,0.0
2015-01-02,15.961357,0.201757,0.0,1.0,-0.36238,185.846866,0.456132,0.367982,0.0
2015-01-05,16.144369,0.20159,0.0,1.0,-0.354336,185.846866,0.456132,0.365757,0.0
2015-01-06,16.325359,0.200997,0.0,1.0,-0.354481,185.846866,0.456132,0.364061,0.0
2015-01-07,16.504152,0.224719,0.0,1.0,-0.077027,182.947574,0.478413,0.362768,0.0
2015-01-08,16.680569,0.224808,0.0,1.0,-0.071416,182.947574,0.478413,0.361784,0.0
2015-01-09,16.854432,0.225203,0.0,1.0,-0.063249,182.947574,0.478413,0.361035,0.0
2015-01-12,17.025563,0.22568,0.0,1.0,-0.054956,182.947574,0.478413,0.360465,0.0
2015-01-13,17.193779,0.226226,0.0,1.0,-0.0465,182.947574,0.478413,0.360032,0.0
2015-01-14,17.358903,0.165332,0.0,1.0,-0.037837,105.725711,0.417248,0.359702,0.0
2015-01-15,17.520752,0.164935,0.0,1.0,-0.043451,105.725711,0.417248,0.359452,0.0
2015-01-16,17.679148,0.159998,0.0,1.0,-0.128532,105.725711,0.417248,0.359261,0.0
2015-01-19,17.833912,0.161959,0.0,1.0,-0.093323,105.725711,0.417248,0.359116,0.0
2015-01-20,17.984865,0.166614,0.0,1.0,-0.012884,105.725711,0.417248,0.359006,0.0
2015-01-21,18.131832,0.157589,0.0,1.0,0.112493,95.810222,0.354446,0.358922,0.0
2015-01-22,18.274637,0.152794,0.0,1.0,0.040056,95.810222,0.354446,0.358859,0.0
2015-01-23,18.413109,0.158606,0.0,1.0,0.127978,95.810222,0.354446,0.35881,0.0
2015-01-26,18.547078,0.159326,0.0,1.0,0.138698,95.810222,0.354446,0.358774,0.0
2015-01-27,18.676378,0.297485,0.0,1.0,1.275573,128.052098,0.264932,0.358746,0.0
2015-01-28,18.800845,0.29552,0.0,1.0,1.2,139.073941,0.244739,0.358725,0.0
2015-01-29,18.92032,0.300674,0.0,1.0,1.237943,139.073941,0.244739,0.358708,0.0
2015-01-30,19.034647,0.295505,0.0,1.0,1.2,139.073941,0.244739,0.358696,0.0
2015-02-02,19.143677,0.2955,0.0,1.0,1.2,139.073941,0.244739,0.358687,0.0
2015-02-03,19.247262,0.156775,0.0,1.0,-0.257953,139.073941,0.244739,0.35868,0.0
2015-02-04,19.345263,0.156476,0.0,1.0,-0.170909,124.457501,0.276774,0.358674,0.0
2015-02-05,19.437545,0.152073,0.0,1.0,-0.252709,124.457501,0.276774,0.35867,0.0
2015-02-06,19.523979,0.155418,0.0,1.0,-0.190269,124.457501,0.276774,0.358667,0.0
2015-02-09,19.604442,0.152938,0.0,1.0,-0.236363,124.457501,0.276774,0.358665,0.0
2015-02-10,19.678819,0.157619,0.0,1.0,-0.713272,133.006703,0.509507,0.358663,0.0
2015-02-11,19.747001,0.159638,0.0,1.0,-0.767893,145.30225,0.495863,0.358662,0.0
2015-02-12,19.808886,0.170698,0.0,1.0,-0.579107,145.30225,0.495863,0.358661,0.0
2015-02-13,19.864381,0.174481,0.0,1.0,-0.517976,145.30225,0.495863,0.35866,0.0
2015-02-16,19.9134,0.174715,0.0,1.0,-0.514245,145.30225,0.495863,0.358659,0.0
2015-02-17,19.955865,0.160124,0.0,1.0,-0.759236,145.30225,0.495863,0.358659,0.0
2015-02-18,19.991707,0.153027,0.0,1.0,-0.633128,125.113606,0.47132,0.358658,0.0
2015-02-19,20.020866,0.156042,0.0,1.0,-0.577226,125.113606,0.47132,0.358658,0.0
2015-02-20,20.043289,0.158947,0.0,1.0,-0.524633,125.113606,0.47132,0.358658,0.0
2015-02-23,20.058934,0.161024,0.0,1.0,-0.487755,125.113606,0.47132,0.358658,0.0
2015-02-24,20.067768,0.157701,0.0,1.0,-0.619984,150.610883,0.382441,0.358658,0.0
2015-02-25,20.069766,0.154476,0.0,1.0,-0.793871,159.792135,0.404269,0.358657,0.0
2015-02-26,20.064915,0.169686,0.0,1.0,-0.52795,159.792135,0.404269,0.358657,0.0
2015-02-27,20.053208,0.171805,0.0,1.0,-0.493256,159.792135,0.404269,0.358657,0.0
2015-03-02,20.034652,0.173413,0.0,1.0,-0.467274,159.792135,0.404269,0.358657,0.0
2015-03-03,20.009259,0.161446,0.0,1.0,-0.668123,159.792135,0.404269,0.358657,0.0
2015-03-04,19.977054,0.170202,0.0,1.0,-0.538789,165.338819,0.394432,0.358657,0.0
2015-03-05,19.938071,0.161812,0.0,1.0,-0.681067,165.338819,0.394432,0.358657,0.0
2015-03-06,19.892354,0.170168,0.0,1.0,-0.539353,165.338819,0.394432,0.358657,0.0
2015-03-09,19.839954,0.167558,0.0,1.0,-0.582676,165.338819,0.394432,0.358657,0.0
2015-03-10,19.780935,0.190118,0.0,1.0,-0.52097,152.111791,0.586726,0.358657,0.0
2015-03-11,19.715368,0.155806,0.0,1.0,-0.754298,122.251363,0.574645,0.358657,0.0
2015-03-12,19.643334,0.16801,0.0,1.0,-0.540736,122.251363,0.574645,0.358657,0.0
2015-03-13,19.564924,0.165626,0.0,1.0,-0.580913,122.251363,0.574645,0.358657,0.0
2015-03-16,19.480237,0.16432,0.0,1.0,-0.603214,122.251363,0.574645,0.358657,0.0
2015-03-17,19.38938,0.17262,0.0,1.0,-0.465011,122.251363,0.574645,0.358657,0.0
2015-03-18,19.292468,0.243777,0.0,1.0,-0.411786,131.601282,0.587597,0.520563,0.0
2015-03-19,19.189628,0.288748,0.0,1.0,-0.401799,131.601282,0.587597,0.615681,0.0
2015-03-20,19.080989,0.320041,0.0,1.0,-0.401814,131.601282,0.587597,0.675139,0.0
2015-03-23,18.966693,0.344548,0.0,1.0,-0.38269,131.601282,0.587597,0.714098,0.0
2015-03-24,18.846886,0.366204,0.0,1.0,-0.469336,185.567767,0.448031,0.740552,0.0
2015-03-25,18.721721,0.383408,0.0,1.0,-0.563994,216.506385,0.444419,0.759009,0.0
2015-03-26,18.591359,0.421611,0.0,1.0,-0.355842,216.506385,0.444419,0.772154,0.0
2015-03-27,18.455967,0.429337,0.0,1.0,-0.347298,216.506385,0.444419,0.781663,0.0
2015-03-30,18.315717,0.43536,0.0,1.0,-0.338927,216.506385,0.444419,0.788624,0.0
2015-03-31,18.170785,0.408289,0.0,1.0,-0.547664,216.506385,0.444419,0.793766,0.0
2015-04-01,18.021356,0.474676,0.0,1.0,-0.322642,245.03215,0.494037,0.79759,0.0
2015-04-02,17.867615,0.459316,0.0,1.0,-0.435325,245.03215,0.494037,0.80045,0.0
2015-04-03,17.709753,0.462139,0.0,1.0,-0.42685,245.03215,0.494037,0.802596,0.0
2015-04-06,17.547967,0.483122,1.0,1.0,-0.299143,245.03215,0.494037,0.804211,0.0
2015-04-07,17.382453,0.460054,1.0,1.0,-0.31115,256.817143,0.405681,0.80543,0.0
2015-04-08,17.213413,0.466727,1.0,1.0,-0.387816,261.357327,0.457034,0.806352,0.0
2015-04-09,17.041049,0.484565,1.0,1.0,-0.276442,261.357327,0.457034,0.807049,0.0
2015-04-10,16.865566,0.486117,1.0,1.0,-0.268994,261.357327,0.457034,0.807578,0.0
2015-04-13,16.687172,0.487572,1.0,1.0,-0.261584,261.357327,0.457034,0.807979,0.0
2015-04-14,16.506072,0.488955,1.0,1.0,-0.2542,261.357327,0.457034,0.808283,0.0
2015-04-15,16.322476,0.524272,1.0,1.0,-0.246829,277.937306,0.542065,0.808513,0.0
2015-04-16,16.136591,0.525587,1.0,1.0,-0.239457,277.937306,0.542065,0.808688,0.0
2015-04-17,15.948625,0.526874,1.0,1.0,-0.23207,277.937306,0.542065,0.808821,0.0
2015-04-20,15.758785,0.528142,1.0,1.0,-0.224653,277.937306,0.542065,0.808923,0.0
2015-04-21,15.567277,0.520305,1.0,0.333333,-0.223694,315.562254,0.525576,0.808999,0.0
2015-04-22,15.374306,0.527658,1.0,0.333333,-0.20966,312.959105,0.543707,0.809058,0.0
2015-04-23,15.180074,0.523283,1.0,0.333333,-0.237078,312.959105,0.543707,0.809102,0.0
2015-04-24,14.984782,0.518488,1.0,0.333333,-0.267123,312.959105,0.543707,0.809136,0.0
2015-04-27,14.788627,0.512799,1.0,0.333333,-0.302788,312.959105,0.543707,0.809161,0.0
2015-04-28,14.591804,0.509377,1.0,0.333333,-0.324317,312.959105,0.543707,0.809181,0.0
2015-04-29,14.394506,0.49836,1.0,0.333333,-0.405763,326.402388,0.537443,0.809195,0.0
2015-04-30,14.19692,0.520063,1.0,0.333333,-0.269708,326.402388,0.537443,0.809207,0.0
2015-05-01,13.99923,0.495554,1.0,0.333333,-0.423588,326.402388,0.537443,0.809215,0.0
2015-05-04,13.801617,0.515229,1.0,0.333333,-0.299953,326.402388,0.537443,0.809222,0.0
2015-05-05,13.604257,0.718567,1.0,0.5,0.8,321.40239,0.537443,0.809227,0.0
2015-05-06,13.407322,0.724304,1.0,0.5,0.811812,327.337555,0.544823,0.80923,0.0
2015-05-07,13.210978,0.737155,1.0,0.5,0.886246,327.337555,0.544823,0.809233,0.0
2015-05-08,13.015388,0.727559,1.0,0.5,0.830482,327.337555,0.544823,0.809235,0.0
2015-05-11,12.820708,0.692058,1.0,0.5,0.876511,327.337555,0.544823,0.744816,0.0
2015-05-12,12.62709,0.624685,1.0,0.5,0.761402,327.337555,0.544823,0.681661,0.0
2015-05-13,12.43468,0.562786,1.0,0.5,0.730299,331.878433,0.503179,0.623399,0.0
2015-05-14,12.243619,0.507722,1.0,0.5,0.644466,331.878433,0.503179,0.572082,0.0
2015-05-15,12.054043,0.466128,1.0,0.5,0.592538,331.878433,0.503179,0.528452,0.0
2015-05-18,11.866082,0.432557,1.0,0.5,0.547694,331.878433,0.503179,0.492338,0.0
2015-05-19,11.679859,0.415106,1.0,1.0,0.508389,326.878433,0.503179,0.463051,0.0
2015-05-20,11.495495,0.41732,1.0,1.0,0.610964,326.846954,0.502467,0.439666,0.0
2015-05-21,11.3131,0.395346,1.0,1.0,0.55481,326.846954,0.502467,0.421214,0.0
2015-05-22,11.132784,0.372502,1.0,1.0,0.473245,326.846954,0.502467,0.406783,0.0
2015-05-25,10.954648,0.351812,1.0,1.0,0.386877,326.846954,0.502467,0.395576,0.0
2015-05-26,10.778787,0.342945,1.0,1.0,0.362697,326.846954,0.502467,0.386916,0.0
2015-05-27,10.605294,0.347711,1.0,1.0,0.467852,331.466568,0.468779,0.380251,0.0
2015-05-28,10.434252,0.324643,1.0,1.0,0.334689,331.466568,0.468779,0.375137,0.0
2015-05-29,10.265742,0.351529,1.0,1.0,0.526601,331.466568,0.468779,0.371221,0.0
2015-06-01,10.099838,0.317885,1.0,1.0,0.31448,331.466568,0.468779,0.368229,0.0
2015-06-02,9.93661,0.304656,1.0,0.666667,0.276763,326.466568,0.468779,0.365946,0.0
2015-06-03,9.776122,0.290876,1.0,0.666667,0.251978,325.195374,0.427477,0.364204,0.0
2015-06-04,9.618434,0.288281,1.0,0.666667,0.237421,325.195374,0.427477,0.362878,0.0
2015-06-05,9.463601,0.28591,1.0,0.666667,0.223213,325.195374,0.427477,0.361868,0.0
2015-06-08,9.311671,0.292385,1.0,0.666667,0.275093,325.195374,0.427477,0.361099,0.0
2015-06-09,9.162692,0.293657,1.0,0.666667,0.286811,325.195374,0.427477,0.360514,0.0
2015-06-10,9.016705,0.280098,1.0,0.666667,0.184484,325.697723,0.427464,0.360069,0.0
2015-06-11,8.873746,0.278423,1.0,0.666667,0.172678,325.697723,0.427464,0.35973,0.0
2015-06-12,8.733848,0.276804,1.0,0.666667,0.160927,325.697723,0.427464,0.359473,0.0
2015-06-15,8.597042,0.280616,1.0,0.666667,0.191519,325.697723,0.427464,0.359277,0.0
2015-06-16,8.463353,0.272907,1.0,0.666667,0.138667,320.697723,0.427464,0.359129,0.0
2015-06-17,8.332803,0.272998,1.0,0.666667,0.128084,324.722107,0.430975,0.359016,0.0
2015-06-18,8.205412,0.276533,1.0,0.666667,0.156479,324.722107,0.430975,0.35893,0.0
2015-06-19,8.081196,0.297703,1.0,0.666667,0.317955,324.722107,0.430975,0.358864,0.0
2015-06-22,7.960167,0.269183,1.0,0.666667,0.098142,324.722107,0.430975,0.358815,0.0
2015-06-23,7.842337,0.275958,1.0,0.666667,0.152517,324.722107,0.430975,0.358777,0.0
2015-06-24,7.727715,0.268493,1.0,0.666667,0.079425,326.747223,0.437299,0.358748,0.0
2015-06-25,7.616305,0.26737,1.0,0.666667,0.070369,326.747223,0.437299,0.358726,0.0
2015-06-26,7.508111,0.275262,1.0,0.666667,0.133886,326.747223,0.437299,0.35871,0.0
2015-06-29,7.403137,0.265207,1.0,0.666667,0.052763,326.747223,0.437299,0.358697,0.0
2015-06-30,7.301382,0.271751,1.0,1.0,0.073306,321.747223,0.437299,0.358688,0.0
2015-07-01,7.202845,0.274279,1.0,1.0,0.069531,321.637222,0.451946,0.35868,0.0
2015-07-02,7.107525,0.269022,1.0,1.0,0.027331,321.637222,0.451946,0.358675,0.0
2015-07-03,7.015417,0.279888,1.0,1.0,0.113751,321.637222,0.451946,0.358671,0.0
2015-07-06,6.926518,0.266989,1.0,1.0,0.010819,321.637222,0.451946,0.358667,0.0
2015-07-07,6.840822,0.265989,1.0,1.0,0.00264,321.637222,0.451946,0.358665,0.0
2015-07-08,6.758325,0.270139,1.0,1.0,0.055245,321.629745,0.440542,0.358663,0.0
2015-07-09,6.67902,0.26203,1.0,1.0,-0.013661,321.629745,0.440542,0.358662,0.0
2015-07-10,6.602901,0.261792,1.0,1.0,-0.016072,321.629745,0.440542,0.358661,0.0
2015-07-13,6.529964,0.260418,0.0,1.0,-0.030033,321.629745,0.440542,0.35866,0.0
2015-07-14,6.460201,0.270926,0.0,1.0,0.069166,316.629745,0.440542,0.358659,0.0
2015-07-15,6.393609,0.268102,0.0,1.0,-0.011589,298.020264,0.492779,0.358659,0.0
2015-07-16,6.330182,0.263732,0.0,1.0,-0.055209,298.020264,0.492779,0.358658,0.0
2015-07-17,6.269917,0.270292,0.0,1.0,0.008224,298.020264,0.492779,0.358658,0.0
2015-07-20,6.212811,0.284095,0.0,1.0,0.116929,298.020264,0.492779,0.358658,0.0
2015-07-21,6.158862,0.265946,0.0,1.0,-0.033013,298.020264,0.492779,0.358658,0.0
2015-07-22,6.108069,0.259608,0.0,1.0,-0.091852,295.998138,0.492333,0.358658,0.0
2015-07-23,6.060433,0.258605,0.0,1.0,-0.10213,295.998138,0.492333,0.358658,0.0
2015-07-24,6.015958,0.257528,0.0,1.0,-0.113207,295.998138,0.492333,0.358657,0.0
2015-07-27,5.974647,0.256342,0.0,1.0,-0.125464,295.998138,0.492333,0.358657,0.0
2015-07-28,5.936506,0.253936,0.0,1.0,-0.139643,290.998138,0.492333,0.358657,0.0
2015-07-29,5.901544,0.252277,0.0,1.0,-0.157667,289.844971,0.493916,0.358657,0.0
2015-07-30,5.869771,0.247516,0.0,1.0,-0.208296,289.844971,0.493916,0.358657,0.0
2015-07-31,5.841201,0.242112,0.0,1.0,-0.267003,289.844971,0.493916,0.358657,0.0
2015-08-03,5.815849,0.24829,0.0,1.0,-0.2,289.844971,0.493916,0.358657,0.0
2015-08-04,5.793734,0.242208,0.0,1.0,-0.265948,289.844971,0.493916,0.358657,0.0
2015-08-05,5.774876,0.248294,0.0,1.0,-0.2,288.265167,0.495705,0.358657,0.0
2015-08-06,5.759301,0.248294,0.0,1.0,-0.2,288.265167,0.495705,0.358657,0.0
2015-08-07,5.747036,0.248294,0.0,1.0,-0.2,288.265167,0.495705,0.358657,0.0
2015-08-10,5.738113,0.248294,0.0,1.0,-0.2,288.265167,0.495705,0.358657,0.0
2015-08-11,5.732566,0.247226,0.0,1.0,-0.2,283.265167,0.495705,0.358657,0.0
2015-08-12,5.730434,0.238821,0.0,1.0,-0.292591,282.125427,0.497323,0.358657,0.0
2015-08-13,5.73176,0.230474,0.0,1.0,-0.387445,282.125427,0.497323,0.358657,0.0
2015-08-14,5.736591,0.23495,0.0,1.0,-0.336133,282.125427,0.497323,0.358657,0.0
2015-08-17,5.744977,0.247921,0.0,1.0,-0.193115,282.125427,0.497323,0.358657,0.0
2015-08-18,5.756976,0.233203,0.0,1.0,-0.356036,282.125427,0.497323,0.358657,0.0
2015-08-19,5.772647,0.249295,0.0,1.0,-0.189382,281.889053,0.503054,0.358657,0.0
2015-08-20,5.792056,0.254461,0.0,1.0,-0.134896,281.889053,0.503054,0.358657,0.0
2015-08-21,5.815274,0.257835,0.0,1.0,-0.099911,281.889053,0.503054,0.358657,0.0
2015-08-24,5.842377,0.261694,0.0,1.0,-0.060473,281.889053,0.503054,0.358657,0.0
2015-08-25,5.873448,0.264404,0.0,1.0,-0.021139,276.889053,0.503054,0.358657,0.0
2015-08-26,5.908572,0.267116,0.0,1.0,-0.007689,277.542664,0.509052,0.358657,0.0
2015-08-27,5.947845,0.270713,0.0,1.0,0.022863,277.542664,0.509052,0.358657,0.0
2015-08-28,5.991365,0.275378,0.0,1.0,0.060135,277.542664,0.509052,0.358657,0.0
2015-08-31,6.039239,0.270248,0.0,1.0,0.019109,277.542664,0.509052,0.358657,0.0
2015-09-01,6.09158,0.26252,0.0,1.0,-0.053751,277.542664,0.509052,0.358657,0.0
2015-09-02,6.148509,0.267285,0.0,1.0,-0.01909,277.808701,0.515246,0.358657,0.0
2015-09-03,6.210151,0.279268,0.0,1.0,0.08,277.808701,0.515246,0.358657,0.0
2015-09-04,6.276641,0.279268,0.0,1.0,0.08,277.808701,0.515246,0.358657,0.0
2015-09-07,6.34812,0.268565,0.0,1.0,-0.006411,277.808701,0.515246,0.358657,0.0
2015-09-08,6.42474,0.277973,0.0,1.0,0.08,272.808701,0.515246,0.358657,0.0
2015-09-09,6.506656,0.278033,0.0,1.0,0.08,272.183426,0.516318,0.358657,0.0
2015-09-10,6.594036,0.278033,0.0,1.0,0.08,272.183426,0.516318,0.358657,0.0
2015-09-11,6.687052,0.278033,0.0,1.0,0.08,272.183426,0.516318,0.358657,0.0
2015-09-14,6.785887,0.268626,0.0,1.0,0.004899,272.183426,0.516318,0.358657,0.0
2015-09-15,6.890734,0.266984,0.0,1.0,-0.010306,272.183426,0.516318,0.358657,0.0
2015-09-16,7.00179,0.277372,0.0,1.0,0.08,269.903397,0.516062,0.358657,0.0
2015-09-17,7.119267,0.277372,0.0,1.0,0.08,269.903397,0.516062,0.358657,0.0
2015-09-18,7.243381,0.277372,0.0,1.0,0.08,269.903397,0.516062,0.358657,0.0
2015-09-21,7.37436,0.268739,0.0,1.0,0.011013,269.903397,0.516062,0.358657,0.0
2015-09-22,7.512439,0.276009,0.0,1.0,0.08,264.903397,0.516062,0.358657,0.0
2015-09-23,7.657864,0.269264,0.0,1.0,0.029148,262.83403,0.516938,0.358657,0.0
2015-09-24,7.810889,0.271357,0.0,1.0,0.046035,262.83403,0.516938,0.358657,0.0
2015-09-25,7.971776,0.265231,0.0,1.0,-0.00458,262.83403,0.516938,0.358657,0.0
2015-09-28,8.140798,0.270211,0.0,1.0,0.036808,262.83403,0.516938,0.358657,0.0
2015-09-29,8.318234,0.275614,0.0,1.0,0.08,262.83403,0.516938,0.358657,0.0
2015-09-30,8.504372,0.258883,0.0,1.0,-0.065528,263.242401,0.514713,0.358657,0.0
2015-10-01,8.699507,0.271449,0.0,1.0,0.049539,263.242401,0.514713,0.358657,0.0
2015-10-02,8.903942,0.270654,0.0,1.0,0.043143,263.242401,0.514713,0.358657,0.0
2015-10-05,9.117986,0.275265,0.0,1.0,0.08,263.242401,0.514713,0.358657,0.0
2015-10-06,9.341955,0.188337,0.0,1.0,-0.92,263.242401,0.514713,0.358657,0.0
2015-10-07,9.576167,0.18846,0.0,1.0,-0.92,262.477783,0.516632,0.358657,0.0
2015-10-08,9.820946,0.186867,0.0,1.0,-0.943274,262.477783,0.516632,0.358657,0.0
2015-10-09,10.076618,0.175307,0.0,1.0,-1.119627,262.477783,0.516632,0.358657,0.0
2015-10-12,10.343511,0.18846,0.0,1.0,-0.92,262.477783,0.516632,0.358657,0.0
2015-10-13,10.621952,0.288076,0.0,1.0,0.17787,262.477783,0.516632,0.358657,0.0
2015-10-14,10.912267,0.313397,0.0,1.0,0.349585,262.572693,0.524376,0.358657,0.0
2015-10-15,11.214777,0.290638,0.0,1.0,0.184236,262.572693,0.524376,0.358657,0.0
2015-10-16,11.5298,0.289793,0.0,1.0,0.17787,262.572693,0.524376,0.358657,0.0
2015-10-19,11.857643,0.306698,0.0,1.0,0.302085,262.572693,0.524376,0.358657,0.0
2015-10-20,12.198604,0.289793,0.0,1.0,0.17787,262.572693,0.524376,0.358657,0.0
2015-10-21,12.552967,0.315096,0.0,1.0,0.36701,263.795792,0.519385,0.358657,0.0
2015-10-22,12.921,0.298039,0.0,1.0,0.244791,263.795792,0.519385,0.358657,0.0
2015-10-23,13.302952,0.289062,0.0,1.0,0.17787,263.795792,0.519385,0.358657,0.0
2015-10-26,13.699048,0.315641,0.0,1.0,0.370818,263.795792,0.519385,0.358657,0.0
2015-10-27,14.109486,0.289062,0.0,1.0,0.17787,263.795792,0.519385,0.358657,0.0
2015-10-28,14.534435,0.296566,0.0,1.0,0.235375,262.322693,0.520499,0.358657,0.0
2015-10-29,14.974026,0.291618,0.0,1.0,0.198553,262.322693,0.520499,0.358657,0.0
2015-10-30,15.428353,0.303317,0.0,1.0,0.284706,262.322693,0.520499,0.358657,0.0
2015-11-02,15.897463,0.305076,0.0,1.0,0.297396,262.322693,0.520499,0.358657,0.0
2015-11-03,16.381356,0.288873,0.0,1.0,0.17787,262.322693,0.520499,0.358657,0.0
2015-11-04,16.879976,0.290955,0.0,1.0,0.17787,257.065582,0.537281,0.358657,0.0
2015-11-05,17.393207,0.292661,0.0,1.0,0.190657,257.065582,0.537281,0.358657,0.0
2015-11-06,17.920869,0.290955,0.0,1.0,0.17787,257.065582,0.537281,0.358657,0.0
2015-11-09,18.462711,0.312096,0.0,1.0,0.331685,257.065582,0.537281,0.358657,0.0
2015-11-10,19.018405,0.290955,0.0,1.0,0.17787,257.065582,0.537281,0.358657,0.0
2015-11-11,19.587541,0.288873,0.0,1.0,0.17787,252.723618,0.533992,0.358657,0.0
2015-11-12,20.169622,0.288873,0.0,1.0,0.17787,252.723618,0.533992,0.358657,0.0
2015-11-13,20.76406,0.288873,0.0,1.0,0.17787,252.723618,0.533992,0.358657,0.0
2015-11-16,21.370169,0.288873,0.0,1.0,0.17787,252.723618,0.533992,0.358657,0.0
2015-11-17,21.987159,0.300499,0.0,1.0,0.264238,252.723618,0.533992,0.358657,0.0
2015-11-18,22.614137,0.286209,0.0,1.0,0.17787,249.748062,0.52611,0.358657,0.0
2015-11-19,23.250096,0.286209,0.0,1.0,0.17787,249.748062,0.52611,0.358657,0.0
2015-11-20,23.89392,0.290974,0.0,1.0,0.213966,249.748062,0.52611,0.358657,0.0
2015-11-23,24.544374,0.315299,0.0,1.0,0.390105,249.748062,0.52611,0.358657,0.0
2015-11-24,25.200109,0.310381,0.0,1.0,0.355515,249.748062,0.52611,0.358657,0.0
2015-11-25,25.859656,0.312596,0.0,1.0,0.37754,245.991997,0.527934,0.358657,0.0
2015-11-26,26.52143,0.30146,0.0,1.0,0.29787,245.991997,0.527934,0.358657,0.0
2015-11-27,27.18373,0.30146,0.0,1.0,0.29787,245.991997,0.527934,0.358657,0.0
2015-11-30,27.844745,0.320808,0.0,1.0,0.434688,245.991997,0.527934,0.358657,0.0
2015-12-01,28.502551,0.30146,0.0,1.0,0.29787,245.991997,0.527934,0.358657,0.0
2015-12-02,29.155127,0.30261,0.0,1.0,0.29787,245.624847,0.533562,0.358657,0.0
2015-12-03,29.800352,0.320035,0.0,1.0,0.421013,245.624847,0.533562,0.358657,0.0
2015-12-04,30.436023,0.308757,0.0,1.0,0.342019,245.624847,0.533562,0.358657,0.0
2015-12-07,31.059857,0.306624,0.0,1.0,0.326785,245.624847,0.533562,0.358657,0.0
2015-12-08,31.669509,0.331525,0.0,1.0,0.499031,245.624847,0.533562,0.358657,0.0
2015-12-09,32.262583,0.301176,0.0,1.0,0.29787,247.143349,0.524919,0.358657,0.0
2015-12-10,32.836649,0.311155,0.0,1.0,0.369439,247.143349,0.524919,0.358657,0.0
2015-12-11,33.389254,0.396325,0.0,1.0,0.29787,247.143349,0.524919,0.520563,0.0
2015-12-14,33.917949,0.461184,0.0,1.0,0.29787,247.143349,0.524919,0.615681,0.0
2015-12-15,34.420298,0.527658,0.0,1.0,0.41834,247.143349,0.524919,0.675139,0.0
2015-12-16,34.893905,0.532096,0.0,1.0,0.313507,245.450554,0.515086,0.714098,0.0
2015-12-17,35.336433,0.551378,0.0,1.0,0.311043,245.450554,0.515086,0.740552,0.0
2015-12-18,35.745623,0.575549,0.0,1.0,0.363381,245.450554,0.515086,0.759009,0.0
2015-12-21,36.11932,0.572473,0.0,1.0,0.29787,245.450554,0.515086,0.772154,0.0
2015-12-22,36.45549,0.579605,0.0,1.0,0.29787,245.450554,0.515086,0.781663,0.0
2015-12-23,36.752245,0.58254,0.0,1.0,0.29787,242.255203,0.513073,0.788624,0.0
2015-12-24,37.007863,0.586394,0.0,1.0,0.29787,242.255203,0.513073,0.793766,0.0
2015-12-25,37.220807,0.620993,0.0,1.0,0.459526,242.255203,0.513073,0.79759,0.0
2015-12-28,37.389744,0.5914,0.0,1.0,0.29787,242.255203,0.513073,0.80045,0.0
2015-12-29,37.513563,0.593006,0.0,1.0,0.29787,242.255203,0.513073,0.802596,0.0
2015-12-30,37.59139,0.59305,0.0,1.0,0.29787,233.654022,0.523636,0.804211,0.0
2015-12-31,37.6226,0.595002,0.0,1.0,0.303146,233.654022,0.523636,0.80543,0.0
2016-01-01,37.606829,0.60386,0.0,1.0,0.344676,233.654022,0.523636,0.806352,0.0
2016-01-04,37.543982,0.602246,0.0,1.0,0.333813,233.654022,0.523636,0.807049,0.0
2016-01-05,37.434235,0.586853,0.0,1.0,0.253648,233.654022,0.523636,0.807578,0.0
2016-01-06,37.278043,0.575975,0.0,1.0,0.224253,224.877418,0.522674,0.807979,0.0
2016-01-07,37.076134,0.560838,0.0,1.0,0.146443,224.877418,0.522674,0.808283,0.0
2016-01-08,36.829507,0.55912,1.0,1.0,0.136862,224.877418,0.522674,0.808513,0.0
2016-01-11,36.539424,0.524576,1.0,1.0,-0.048033,224.877418,0.522674,0.808688,0.0
2016-01-12,36.207402,0.385348,1.0,1.0,-0.969452,224.877418,0.522674,0.808821,0.0
2016-01-13,35.835196,0.374648,1.0,1.0,-1.039825,222.397583,0.523111,0.808923,0.0
2016-01-14,35.424788,0.371163,1.0,1.0,-1.066029,222.397583,0.523111,0.808999,0.0
2016-01-15,34.978364,0.360932,1.0,1.0,-1.143254,222.397583,0.523111,0.809058,0.0
2016-01-18,34.498298,0.371406,1.0,1.0,-1.064699,222.397583,0.523111,0.809102,0.0
2016-01-19,33.987127,0.536649,1.0,1.0,0.027312,222.397583,0.523111,0.809136,0.0
2016-01-20,33.447527,0.540315,1.0,1.0,0.048743,219.372139,0.527138,0.809161,0.0
2016-01-21,32.882291,0.534264,1.0,1.0,0.01787,219.372139,0.527138,0.809181,0.0
2016-01-22,32.294302,0.534275,1.0,1.0,0.01787,219.372139,0.527138,0.809195,0.0
2016-01-25,31.686506,0.546289,1.0,1.0,0.078925,219.372139,0.527138,0.809207,0.0
2016-01-26,31.06189,0.561794,1.0,1.0,0.157511,219.372139,0.527138,0.809215,0.0
2016-01-27,30.423453,0.531684,1.0,1.0,0.01787,216.122436,0.525451,0.809222,0.0
2016-01-28,29.774183,0.532082,1.0,1.0,0.01988,216.122436,0.525451,0.809227,0.0
2016-01-29,29.117038,0.566921,1.0,1.0,0.196722,216.122436,0.525451,0.80923,0.0
2016-02-01,28.454917,0.531693,1.0,1.0,0.01787,216.122436,0.525451,0.809233,0.0
2016-02-02,27.790649,0.556859,1.0,1.0,0.145734,216.122436,0.525451,0.809235,0.0
2016-02-03,27.126968,0.509701,1.0,1.0,-0.091127,212.828415,0.520033,0.809237,0.0
2016-02-04,26.466503,0.507947,1.0,1.0,-0.10213,212.828415,0.520033,0.809238,0.0
2016-02-05,25.811762,0.513452,1.0,1.0,-0.067644,212.828415,0.520033,0.809239,0.0
2016-02-08,25.165123,0.507949,1.0,1.0,-0.10213,212.828415,0.520033,0.80924,0.0
2016-02-09,24.528824,0.522461,1.0,1.0,-0.01142,212.828415,0.520033,0.809241,0.0
2016-02-10,23.904961,0.505865,1.0,1.0,-0.077659,213.48642,0.49998,0.809241,0.0
2016-02-11,23.29548,0.501974,1.0,1.0,-0.10213,213.48642,0.49998,0.809241,0.0
2016-02-12,22.702179,0.455531,1.0,1.0,-0.10213,213.48642,0.49998,0.744822,0.0
2016-02-15,22.126707,0.412126,1.0,1.0,-0.10213,213.48642,0.49998,0.681667,0.0
2016-02-16,21.570572,0.374449,1.0,1.0,-0.10213,213.48642,0.49998,0.623404,0.0
2016-02-17,21.03514,0.338811,1.0,1.0,-0.10213,217.546066,0.473684,0.572087,0.0
2016-02-18,20.521645,0.318551,1.0,1.0,-0.066627,217.546066,0.473684,0.528455,0.0
2016-02-19,20.031198,0.310863,1.0,1.0,0.028643,217.546066,0.473684,0.492341,0.0
2016-02-22,19.564793,0.280679,1.0,1.0,-0.101956,217.546066,0.473684,0.463053,0.0
2016-02-23,19.123324,0.269465,1.0,1.0,-0.10213,217.546066,0.473684,0.439668,0.0
2016-02-24,18.707589,0.259806,1.0,1.0,-0.085128,217.500847,0.459536,0.421215,0.0
2016-02-25,18.318311,0.259787,1.0,1.0,-0.018611,217.500847,0.459536,0.406785,0.0
2016-02-26,17.956143,0.246882,1.0,1.0,-0.10213,217.500847,0.459536,0.395576,0.0
2016-02-29,17.62169,0.243193,1.0,1.0,-0.10213,217.500847,0.459536,0.386916,0.0
2016-03-01,17.315515,0.240393,1.0,1.0,-0.10213,217.500847,0.459536,0.380251,0.0
2016-03-02,17.038159,0.237984,1.0,1.0,-0.10213,214.616875,0.463699,0.375137,0.0
2016-03-03,16.790154,0.242714,0.0,1.0,-0.031638,214.616875,0.463699,0.371222,0.0
2016-03-04,16.572039,0.235148,0.0,1.0,-0.10213,214.616875,0.463699,0.36823,0.0
2016-03-07,16.384369,0.237985,0.0,1.0,-0.059623,214.616875,0.463699,0.365946,0.0
2016-03-08,16.227738,0.233513,0.0,1.0,-0.10213,214.616875,0.463699,0.364204,0.0
2016-03-09,16.102788,0.233083,0.0,1.0,-0.10213,211.442078,0.470815,0.362878,0.0
2016-03-10,16.010224,0.241774,0.0,1.0,4.7e-05,211.442078,0.470815,0.361868,0.0
2016-03-11,15.950831,0.232366,0.0,1.0,-0.10213,211.442078,0.470815,0.361099,0.0
2016-03-14,15.925483,0.252847,0.0,1.0,0.103008,211.442078,0.470815,0.360514,0.0
2016-03-15,15.935164,0.231951,0.0,1.0,-0.10213,211.442078,0.470815,0.360069,0.0
2016-03-16,15.980973,0.233492,0.0,1.0,-0.087813,209.295639,0.477769,0.35973,0.0
2016-03-17,16.064142,0.24109,0.0,1.0,-0.001316,209.295639,0.477769,0.359473,0.0
2016-03-18,16.186047,0.233622,0.0,1.0,-0.084233,209.295639,0.477769,0.359277,0.0
2016-03-21,16.348218,0.235266,0.0,1.0,-0.064845,209.295639,0.477769,0.359129,0.0
2016-03-22,16.552349,0.237706,0.0,1.0,-0.036835,209.295639,0.477769,0.359016,0.0
2016-03-23,16.800305,0.256976,0.0,1.0,0.13977,207.992477,0.4809,0.35893,0.0
2016-03-24,17.094128,0.245321,0.0,1.0,0.038687,207.992477,0.4809,0.358864,0.0
2016-03-25,17.436042,0.279541,0.0,1.0,0.323813,207.992477,0.4809,0.358815,0.0
2016-03-28,17.828449,0.253732,0.0,1.0,0.112629,207.992477,0.4809,0.358777,0.0
2016-03-29,18.273921,0.259009,0.0,1.0,0.157653,207.992477,0.4809,0.358748,0.0
2016-03-30,18.775198,0.27346,0.0,1.0,0.292251,203.612747,0.480759,0.358726,0.0
2016-03-31,19.335158,0.277704,0.0,1.0,0.325922,203.612747,0.480759,0.35871,0.0
2016-04-01,19.956798,0.277307,0.0,1.0,0.322845,203.612747,0.480759,0.358697,0.0
2016-04-04,20.643194,0.268084,0.0,1.0,0.24909,203.612747,0.480759,0.358688,0.0
2016-04-05,21.397451,0.265919,0.0,1.0,0.23143,203.612747,0.480759,0.35868,0.0
2016-04-06,22.22264,0.260807,0.0,1.0,0.191348,195.958618,0.497238,0.358675,0.0
2016-04-07,23.121716,0.262105,0.0,1.0,0.202192,195.958618,0.497238,0.358671,0.0
2016-04-08,24.097424,0.257884,0.0,1.0,0.166793,195.958618,0.497238,0.358667,0.0
2016-04-11,25.152176,0.256438,0.0,1.0,0.154536,195.958618,0.497238,0.358665,0.0
2016-04-12,26.287914,0.254776,0.0,1.0,0.140357,195.958618,0.497238,0.358663,0.0
2016-04-13,27.505944,0.254614,0.0,1.0,0.122334,191.451515,0.518487,0.358662,0.0
2016-04-14,28.806754,0.249723,0.0,1.0,0.08,191.451515,0.518487,0.358661,0.0
2016-04-15,30.189802,0.245886,0.0,1.0,0.046185,191.451515,0.518487,0.35866,0.0
2016-04-18,31.653297,0.244272,0.0,1.0,0.031797,191.451515,0.518487,0.358659,0.0
2016-04-19,33.193951,0.249722,0.0,1.0,0.08,191.451515,0.518487,0.358659,0.0
2016-04-20,34.806739,0.241701,0.0,1.0,-0.008041,190.476044,0.53023,0.358658,0.0
2016-04-21,36.48465,0.251475,0.0,1.0,0.08,190.476044,0.53023,0.358658,0.0
2016-04-22,38.218462,0.265695,0.0,1.0,0.2,190.476044,0.53023,0.358658,0.0
2016-04-25,39.996545,0.265695,0.0,1.0,0.2,190.476044,0.53023,0.358658,0.0
2016-04-26,41.80471,0.265695,0.0,1.0,0.2,190.476044,0.53023,0.358658,0.0
2016-04-27,43.626138,0.264361,0.0,1.0,0.2,186.068237,0.535133,0.358658,0.0
2016-04-28,45.441389,0.264361,0.0,1.0,0.2,186.068237,0.535133,0.358657,0.0
2016-04-29,47.22853,0.248312,0.0,1.0,0.063344,186.068237,0.535133,0.358657,0.0
2016-05-02,48.963396,0.257557,0.0,1.0,0.143124,186.068237,0.535133,0.358657,0.0
2016-05-03,50.619992,0.264361,0.0,1.0,0.2,186.068237,0.535133,0.358657,0.0
2016-05-04,52.171051,0.236187,0.0,1.0,0.008165,180.420765,0.517859,0.358657,0.0
2016-05-05,53.588744,0.244374,0.0,1.0,0.082693,180.420765,0.517859,0.358657,0.0
2016-05-06,54.845524,0.251813,0.0,1.0,0.148185,180.420765,0.517859,0.358657,0.0
2016-05-09,55.915085,0.257864,0.0,1.0,0.2,180.420765,0.517859,0.358657,0.0
2016-05-10,56.773389,0.257864,0.0,1.0,0.2,180.420765,0.517859,0.358657,0.0
2016-05-11,57.399716,0.241804,0.0,1.0,0.2,175.125019,0.448316,0.358657,0.0
2016-05-12,57.777666,0.231317,0.0,1.0,0.102926,175.125019,0.448316,0.358657,0.0
2016-05-13,57.896065,0.225001,1.0,1.0,0.042149,175.125019,0.448316,0.358657,0.0
2016-05-16,57.749677,0.229198,1.0,1.0,0.082736,175.125019,0.448316,0.358657,0.0
2016-05-17,57.339705,0.241525,1.0,1.0,0.197476,175.125019,0.448316,0.358657,0.0
2016-05-18,56.67399,0.238238,1.0,1.0,0.189493,171.217876,0.44708,0.358657,0.0
2016-05-19,55.76692,0.236271,1.0,1.0,0.171348,171.217876,0.44708,0.358657,0.0
2016-05-20,54.639016,0.234344,1.0,1.0,0.153413,171.217876,0.44708,0.358657,0.0
2016-05-23,53.316238,0.303695,1.0,1.0,0.104772,171.217876,0.44708,0.520563,0.0
2016-05-24,51.829036,0.242704,1.0,1.0,-0.908161,171.217876,0.44708,0.615681,0.0
2016-05-25,50.211231,0.2697,1.0,1.0,-0.944061,166.618885,0.482531,0.675139,0.0
2016-05-26,48.498792,0.284803,1.0,1.0,-0.97943,166.618885,0.482531,0.714098,0.0
2016-05-27,46.728599,0.290931,1.0,1.0,-1.045101,166.618885,0.482531,0.740552,0.0
2016-05-30,44.937279,0.287952,1.0,1.0,-1.157814,166.618885,0.482531,0.759009,0.0
2016-05-31,43.160182,0.435587,1.0,1.0,-0.079806,166.618885,0.482531,0.772154,0.0
2016-06-01,41.430565,0.437119,1.0,1.0,-0.093006,161.255943,0.490835,0.781663,0.0
2016-06-02,39.779016,0.481904,1.0,1.0,0.137403,161.255943,0.490835,0.788624,0.0
2016-06-03,38.233131,0.496302,1.0,1.0,0.193042,161.255943,0.490835,0.793766,0.0
2016-06-06,36.817462,0.487465,1.0,1.0,0.132473,161.255943,0.490835,0.79759,0.0
2016-06-07,35.553685,0.464423,1.0,1.0,-2e-06,161.255943,0.490835,0.80045,0.0
2016-06-08,34.460987,0.453372,1.0,1.0,-0.016752,160.519882,0.460947,0.802596,0.0
2016-06-09,33.556616,0.416767,0.0,1.0,0.029313,160.519882,0.460947,0.738093,0.0
2016-06-10,32.856551,0.364082,0.0,1.0,-0.052925,160.519882,0.460947,0.675307,0.0
2016-06-13,32.37624,0.338442,0.0,1.0,0.011676,160.519882,0.460947,0.617698,0.0
2016-06-14,32.131375,0.312324,0.0,1.0,0.025986,160.519882,0.460947,0.567169,0.0
2016-06-15,32.138627,0.291587,0.0,1.0,0.033911,160.145718,0.464774,0.524342,0.0
2016-06-16,32.416288,0.266067,0.0,1.0,-0.038596,160.145718,0.464774,0.488978,0.0
2016-06-17,32.984745,0.252594,0.0,1.0,-0.044226,160.145718,0.464774,0.460352,0.0
2016-06-20,33.866651,0.240036,0.0,1.0,-0.074287,160.145718,0.464774,0.437527,0.0
2016-06-21,35.086673,0.234347,0.0,1.0,-0.055013,160.145718,0.464774,0.419535,0.0
2016-06-22,36.670577,0.23329,0.0,1.0,0.00148,156.934235,0.474696,0.405476,0.0
2016-06-23,38.643405,0.2356,0.0,1.0,0.064519,156.934235,0.474696,0.394564,0.0
2016-06-24,41.026421,0.252938,0.0,1.0,0.251737,156.934235,0.474696,0.386136,0.0
2016-06-27,43.832503,0.244387,0.0,1.0,0.201258,156.934235,0.474696,0.379651,0.0
2016-06-28,47.059746,0.259955,1.0,1.0,0.354958,156.934235,0.474696,0.374677,0.0
2016-06-29,46.1279,0.249208,1.0,1.0,0.260073,156.965034,0.485017,0.37087,0.0
2016-06-30,45.214507,0.247907,1.0,1.0,0.259689,156.965034,0.485017,0.367961,0.0
2016-07-01,44.319199,0.246618,1.0,1.0,0.256741,156.965034,0.485017,0.365741,0.0
2016-07-04,43.44162,0.245272,1.0,1.0,0.251207,156.965034,0.485017,0.364048,0.0
2016-07-05,42.581419,0.153828,1.0,1.0,-0.966034,156.965034,0.485017,0.362759,0.0
2016-07-06,41.73825,0.154241,1.0,1.0,-0.951651,152.708771,0.5004,0.361777,0.0
2016-07-07,40.911777,0.158264,1.0,1.0,-0.874632,152.708771,0.5004,0.36103,0.0
2016-07-08,40.10167,0.156816,0.0,1.0,-0.898211,152.708771,0.5004,0.360461,0.0
2016-07-11,39.307604,0.153704,0.0,1.0,-0.953561,152.708771,0.5004,0.360029,0.0
2016-07-12,38.529261,0.155975,0.0,1.0,-0.910042,152.708771,0.5004,0.3597,0.0
2016-07-13,38.728577,0.155319,0.0,1.0,-0.926246,153.802696,0.498724,0.35945,0.0
2016-07-14,38.158447,0.142948,0.0,1.0,-1.165655,153.802696,0.498724,0.35926,0.0
2016-07-15,38.592636,0.153088,0.0,1.0,-0.966186,153.802696,0.498724,0.359115,0.0
2016-07-18,39.599931,0.149252,0.0,1.0,-1.038823,153.802696,0.498724,0.359005,0.0
2016-07-19,40.105639,0.209232,0.0,1.0,-0.098818,153.802696,0.498724,0.358922,0.0
2016-07-20,39.392857,0.21442,0.0,1.0,-0.08011,159.080502,0.502402,0.358858,0.0
2016-07-21,39.176368,0.214751,0.0,1.0,-0.075737,159.080502,0.502402,0.35881,0.0
2016-07-22,39.788449,0.215338,0.0,1.0,-0.068241,159.080502,0.502402,0.358773,0.0
2016-07-25,39.463832,0.21724,0.0,1.0,-0.044483,159.080502,0.502402,0.358746,0.0
2016-07-26,39.686474,0.222272,1.0,1.0,0.01398,159.080502,0.502402,0.358724,0.0
2016-07-27,40.069123,0.222344,1.0,1.0,0.031207,152.587807,0.517221,0.358708,0.0
2016-07-28,39.637787,0.224655,1.0,1.0,0.053998,152.587807,0.517221,0.358696,0.0
2016-07-29,39.621368,0.225583,1.0,1.0,0.063093,152.587807,0.517221,0.358687,0.0
2016-08-01,38.121307,0.216084,0.0,1.0,-0.038473,152.587807,0.517221,0.35868,0.0
2016-08-02,37.666862,0.200495,0.0,1.0,-0.240523,152.587807,0.517221,0.358674,0.0
2016-08-03,37.564141,0.198355,0.0,1.0,-0.247095,152.347368,0.506952,0.35867,0.0
2016-08-04,37.016972,0.199349,0.0,1.0,-0.233508,152.347368,0.506952,0.358667,0.0
2016-08-05,37.76057,0.198332,0.0,1.0,-0.247384,152.347368,0.506952,0.358665,0.0
2016-08-08,37.129201,0.198241,0.0,1.0,-0.248632,152.347368,0.506952,0.358663,0.0
2016-08-09,36.944737,0.197274,0.0,1.0,-0.261921,152.347368,0.506952,0.358662,0.0
2016-08-10,37.013847,0.202541,0.0,1.0,-0.250013,157.780571,0.515689,0.358661,0.0
2016-08-11,37.67088,0.203323,0.0,1.0,-0.239572,157.780571,0.515689,0.35866,0.0
2016-08-12,37.038467,0.203822,0.0,1.0,-0.232943,157.780571,0.515689,0.358659,0.0
2016-08-15,37.570343,0.20117,0.0,1.0,-0.268408,157.780571,0.515689,0.358659,0.0
2016-08-16,37.586231,0.182483,0.0,1.0,-0.534872,157.780571,0.515689,0.358658,0.0
2016-08-17,37.157279,0.192494,0.0,1.0,-0.435808,160.877953,0.528012,0.358658,0.0
2016-08-18,37.375108,0.193195,0.0,1.0,-0.425884,160.877953,0.528012,0.358658,0.0
2016-08-19,37.475734,0.18821,0.0,1.0,-0.497377,160.877953,0.528012,0.358658,0.0
2016-08-22,37.217945,0.183792,0.0,1.0,-0.562638,160.877953,0.528012,0.358658,0.0
2016-08-23,37.260309,0.19716,0.0,1.0,-0.370542,160.877953,0.528012,0.358657,0.0
2016-08-24,37.099552,0.200267,0.0,1.0,-0.338076,160.883129,0.532976,0.358657,0.0
2016-08-25,37.161271,0.201685,0.0,1.0,-0.318939,160.883129,0.532976,0.358657,0.0
2016-08-26,37.468953,0.191256,0.0,1.0,-0.463435,160.883129,0.532976,0.358657,0.0
2016-08-29,38.200358,0.212982,0.0,1.0,-0.171784,160.883129,0.532976,0.358657,0.0
2016-08-30,37.648424,0.219345,0.0,1.0,-0.092711,160.883129,0.532976,0.358657,0.0
2016-08-31,38.636116,0.228903,0.0,1.0,0.010296,161.801552,0.534136,0.358657,0.0
2016-09-01,37.752905,0.219814,0.0,1.0,-0.095884,161.801552,0.534136,0.358657,0.0
2016-09-02,37.695511,0.216437,0.0,1.0,-0.137429,161.801552,0.534136,0.358657,0.0
2016-09-05,37.973966,0.206296,0.0,1.0,-0.266673,161.801552,0.534136,0.358657,0.0
2016-09-06,38.113659,0.261162,0.0,1.0,0.298523,161.801552,0.534136,0.358657,0.0
2016-09-07,37.841271,0.246367,0.0,1.0,0.154725,164.017277,0.536406,0.358657,0.0
2016-09-08,37.758207,0.245218,0.0,1.0,0.14451,164.017277,0.536406,0.358657,0.0
2016-09-09,37.546751,0.245117,0.0,1.0,0.14361,164.017277,0.536406,0.358657,0.0
2016-09-12,37.29333,0.255958,0.0,1.0,0.238097,164.017277,0.536406,0.358657,0.0
2016-09-13,37.686793,0.245318,0.0,1.0,0.145398,164.017277,0.536406,0.358657,0.0
2016-09-14,37.859952,0.25435,0.0,1.0,0.16493,170.799606,0.549956,0.358657,0.0
2016-09-15,37.557721,0.289198,0.0,1.0,0.445138,170.799606,0.549956,0.358657,0.0
2016-09-16,37.976752,0.254895,0.0,1.0,0.169594,170.799606,0.549956,0.358657,0.0
2016-09-19,38.12849,0.253504,0.0,1.0,0.157658,170.799606,0.549956,0.358657,0.0
2016-09-20,38.51378,0.256544,0.0,1.0,0.183667,170.799606,0.549956,0.358657,0.0
2016-09-21,38.817519,0.287781,0.0,1.0,0.272307,189.985153,0.593299,0.358657,0.0
2016-09-22,38.44481,0.281403,0.0,1.0,0.223346,189.985153,0.593299,0.358657,0.0
2016-09-23,38.198702,0.280133,0.0,1.0,0.21347,189.985153,0.593299,0.358657,0.0
2016-09-26,38.554355,0.289181,0.0,1.0,0.282919,189.985153,0.593299,0.358657,0.0
2016-09-27,38.849434,0.280051,0.0,1.0,0.212835,189.985153,0.593299,0.358657,0.0
2016-09-28,38.851345,0.323617,0.0,1.0,0.392768,214.507851,0.620547,0.358657,0.0
2016-09-29,38.917757,0.313748,0.0,1.0,0.324463,214.507851,0.620547,0.358657,0.0
2016-09-30,39.530898,0.303663,0.0,1.0,0.252665,214.507851,0.620547,0.358657,0.0
2016-10-03,39.263045,0.318238,0.0,1.0,0.35577,214.507851,0.620547,0.358657,0.0
2016-10-04,39.53352,0.301972,0.0,1.0,0.24042,214.507851,0.620547,0.358657,0.0
2016-10-05,39.449548,0.323438,0.0,1.0,0.288203,245.011337,0.62916,0.358657,0.0
2016-10-06,39.35844,0.318553,0.0,1.0,0.254609,245.011337,0.62916,0.358657,0.0
2016-10-07,39.892796,0.313582,0.0,1.0,0.219957,245.011337,0.62916,0.358657,0.0
2016-10-10,40.301986,0.314459,0.0,1.0,0.226109,245.011337,0.62916,0.358657,0.0
2016-10-11,40.709556,0.415986,0.0,1.0,0.859302,245.011337,0.62916,0.358657,0.0
2016-10-12,41.364731,0.41804,0.0,1.0,0.832685,264.124817,0.624812,0.358657,0.0
2016-10-13,41.387572,0.435895,0.0,1.0,0.932193,264.124817,0.624812,0.358657,0.0
2016-10-14,41.740175,0.431167,0.0,1.0,0.906075,264.124817,0.624812,0.358657,0.0
2016-10-17,41.597534,0.431074,0.0,1.0,0.905562,264.124817,0.624812,0.358657,0.0
2016-10-18,41.772193,0.487337,0.0,1.0,1.207657,264.124817,0.624812,0.358657,0.0
2016-10-19,41.719522,0.442723,0.0,1.0,0.964997,265.994995,0.625144,0.358657,0.0
2016-10-20,41.780642,0.433727,0.0,1.0,0.915594,265.994995,0.625144,0.358657,0.0
2016-10-21,42.092728,0.44734,0.0,1.0,0.990141,265.994995,0.625144,0.358657,0.0
2016-10-24,41.693963,0.423413,0.0,1.0,0.858246,265.994995,0.625144,0.358657,0.0
2016-10-25,42.766924,0.321724,0.0,1.0,0.233601,265.994995,0.625144,0.358657,0.0
2016-10-26,42.266415,0.317731,0.0,1.0,0.231014,267.317581,0.608279,0.358657,0.0
2016-10-27,41.667545,0.319171,0.0,1.0,0.240987,267.317581,0.608279,0.358657,0.0
2016-10-28,42.263332,0.309962,0.0,1.0,0.176517,267.317581,0.608279,0.358657,0.0
2016-10-31,42.679547,0.323273,0.0,1.0,0.269177,267.317581,0.608279,0.358657,0.0
2016-11-01,43.013295,0.384329,0.0,1.0,0.65764,267.317581,0.608279,0.358657,0.0
2016-11-02,43.351851,0.389732,0.0,1.0,0.750417,251.661179,0.593162,0.358657,0.0
2016-11-03,43.358486,0.355472,0.0,1.0,0.541316,251.661179,0.593162,0.358657,0.0
2016-11-04,42.907017,0.348586,0.0,1.0,0.497457,251.661179,0.593162,0.358657,0.0
2016-11-07,42.958951,0.344331,0.0,1.0,0.470013,251.661179,0.593162,0.358657,0.0
2016-11-08,42.624069,0.318165,0.0,1.0,0.29474,251.661179,0.593162,0.358657,0.0
2016-11-09,43.138701,0.296874,0.0,1.0,0.281943,217.110527,0.567566,0.358657,0.0
2016-11-10,43.075563,0.296801,0.0,1.0,0.281403,217.110527,0.567566,0.358657,0.0
2016-11-11,42.663761,0.29464,0.0,1.0,0.265409,217.110527,0.567566,0.358657,0.0
2016-11-14,42.512292,0.306882,0.0,1.0,0.354648,217.110527,0.567566,0.358657,0.0
2016-11-15,42.736289,0.307251,0.0,1.0,0.357291,217.110527,0.567566,0.358657,0.0
2016-11-16,42.460903,0.302462,0.0,1.0,0.462726,210.909157,0.49536,0.358657,0.0
2016-11-17,42.056632,0.304675,0.0,1.0,0.478723,210.909157,0.49536,0.358657,0.0
2016-11-18,42.192452,0.285348,0.0,1.0,0.335251,210.909157,0.49536,0.358657,0.0
2016-11-21,42.32936,0.283047,0.0,1.0,0.317564,210.909157,0.49536,0.358657,0.0
2016-11-22,42.085262,0.271951,0.0,1.0,0.230283,210.909157,0.49536,0.358657,0.0
2016-11-23,41.860604,0.274425,0.0,1.0,0.177232,266.356735,0.447601,0.358657,0.0
2016-11-24,41.989927,0.275553,0.0,1.0,0.186182,266.356735,0.447601,0.358657,0.0
2016-11-25,41.278952,0.262101,0.0,1.0,0.077002,266.356735,0.447601,0.358657,0.0
2016-11-28,40.599801,0.342308,0.0,1.0,0.048304,266.356735,0.447601,0.520563,0.0
2016-11-29,40.263359,0.323589,0.0,1.0,-0.532841,266.356735,0.447601,0.615681,0.0
2016-11-30,40.172411,0.294268,0.0,1.0,-0.55646,288.38385,0.421783,0.565434,0.0
2016-12-01,40.334669,0.274684,0.0,1.0,-0.542901,288.38385,0.421783,0.522893,0.0
2016-12-02,41.067442,0.260157,0.0,1.0,-0.524893,288.38385,0.421783,0.487796,0.0
2016-12-05,41.504737,0.25156,0.0,1.0,-0.482864,288.38385,0.421783,0.459403,0.0
2016-12-06,41.437584,0.316279,0.0,1.0,0.189845,288.38385,0.421783,0.436775,0.0
2016-12-07,41.44056,0.326465,0.0,1.0,0.352335,290.796524,0.404085,0.418946,0.0
2016-12-08,40.957287,0.295725,0.0,1.0,0.187718,290.796524,0.404085,0.405018,0.0
2016-12-09,40.960476,0.30236,0.0,1.0,0.277392,290.796524,0.404085,0.394209,0.0
2016-12-12,40.831085,0.298587,0.0,1.0,0.281571,290.796524,0.404085,0.385862,0.0
2016-12-13,41.001814,0.261129,0.0,1.0,0.013218,290.796524,0.404085,0.379441,0.0
2016-12-14,40.608993,0.24906,0.0,1.0,-0.065161,291.16655,0.392892,0.374516,0.0
2016-12-15,40.875125,0.248207,0.0,1.0,-0.056854,291.16655,0.392892,0.370747,0.0
2016-12-16,41.646385,0.246537,0.0,1.0,-0.06148,291.16655,0.392892,0.367867,0.0
2016-12-19,41.604546,0.249774,0.0,1.0,-0.016657,291.16655,0.392892,0.365669,0.0
2016-12-20,41.81813,0.247568,0.0,1.0,-0.032482,291.16655,0.392892,0.363994,0.0
2016-12-21,42.178546,0.241903,0.0,1.0,-0.006762,290.638687,0.352945,0.362717,0.0
2016-12-22,41.988554,0.229967,0.0,1.0,-0.137136,290.638687,0.352945,0.361746,0.0
2016-12-23,42.114251,0.238028,0.0,1.0,-0.041848,290.638687,0.352945,0.361006,0.0
2016-12-26,42.133253,0.235763,0.0,1.0,-0.064718,290.638687,0.352945,0.360443,0.0
2016-12-27,42.195324,0.229858,0.0,1.0,-0.130394,290.638687,0.352945,0.360015,0.0
2016-12-28,41.818268,0.2261,0.0,1.0,-0.122513,234.685036,0.404268,0.359689,0.0
2016-12-29,41.843121,0.221175,0.0,1.0,-0.180314,234.685036,0.404268,0.359442,0.0
2016-12-30,42.106553,0.225357,0.0,1.0,-0.129298,234.685036,0.404268,0.359254,0.0
2017-01-02,42.859062,0.228923,0.0,1.0,-0.086677,234.685036,0.404268,0.359111,0.0
2017-01-03,43.368282,0.268625,0.0,1.0,0.278678,234.685036,0.404268,0.359002,0.0
2017-01-04,44.516795,0.295755,0.0,1.0,0.300656,250.742386,0.493099,0.358919,0.0
2017-01-05,44.121993,0.32425,0.0,1.0,0.503138,250.742386,0.493099,0.358856,0.0
2017-01-06,44.599659,0.292503,0.0,1.0,0.276876,250.742386,0.493099,0.358809,0.0
2017-01-09,44.711303,0.294084,0.0,1.0,0.288808,250.742386,0.493099,0.358772,0.0
2017-01-10,45.915556,0.311493,1.0,1.0,0.41507,250.742386,0.493099,0.358745,0.0
2017-01-11,45.485991,0.310815,1.0,1.0,0.391304,253.395126,0.500757,0.358724,0.0
2017-01-12,45.043456,0.312335,0.0,1.0,0.4021,253.395126,0.500757,0.358708,0.0
2017-01-13,44.734052,0.314465,0.0,1.0,0.4171,253.395126,0.500757,0.358696,0.0
2017-01-16,43.621418,0.317347,0.0,1.0,0.437239,253.395126,0.500757,0.358686,0.0
2017-01-17,43.36008,0.294647,0.0,1.0,-0.414642,253.395126,0.500757,0.52058,0.0
2017-01-18,42.979773,0.268147,0.0,1.0,-0.318343,197.790596,0.511116,0.48591,0.0
2017-01-19,43.070329,0.257956,0.0,1.0,-0.291665,197.790596,0.511116,0.457891,0.0
2017-01-20,43.260302,0.240799,0.0,1.0,-0.37144,197.790596,0.511116,0.435578,0.0
2017-01-23,44.258589,0.230571,0.0,1.0,-0.405893,197.790596,0.511116,0.418007,0.0
2017-01-24,44.779683,0.328948,0.0,1.0,0.496588,197.790596,0.511116,0.404287,0.0
2017-01-25,44.484094,0.284395,0.0,1.0,0.475643,166.62965,0.442333,0.393643,0.0
2017-01-26,44.020292,0.291994,0.0,1.0,0.564491,166.62965,0.442333,0.385427,0.0
2017-01-27,44.2942,0.273615,0.0,1.0,0.44651,166.62965,0.442333,0.379107,0.0
2017-01-30,43.611067,0.25686,0.0,1.0,0.327081,166.62965,0.442333,0.37426,0.0
2017-01-31,44.593516,0.27791,0.0,1.0,-0.110292,166.62965,0.442333,0.529455,0.0
2017-02-01,45.242718,0.260091,0.0,1.0,-0.004439,151.720688,0.440252,0.493159,0.0
2017-02-02,45.002211,0.250121,0.0,1.0,0.022923,151.720688,0.440252,0.463711,0.0
2017-02-03,44.099746,0.227054,0.0,1.0,-0.121109,151.720688,0.440252,0.44019,0.0
2017-02-06,44.835511,0.299929,0.0,1.0,0.024707,151.720688,0.440252,0.567635,0.0
2017-02-07,44.787362,0.27276,0.0,1.0,-0.02415,151.720688,0.440252,0.524731,0.0
2017-02-08,45.471229,0.261445,0.0,1.0,0.039372,150.490065,0.43493,0.489296,0.0
2017-02-09,44.622877,0.234414,0.0,1.0,-0.109627,150.490065,0.43493,0.460607,0.0
2017-02-10,44.316372,0.290474,0.0,1.0,-0.090211,150.490065,0.43493,0.579674,0.0
2017-02-13,44.332458,0.260537,0.0,1.0,-0.171799,150.490065,0.43493,0.534823,0.0
2017-02-14,44.370767,0.233871,0.0,1.0,-0.286641,150.490065,0.43493,0.49756,0.0
2017-02-15,44.145018,0.214985,0.0,1.0,-0.224148,147.114414,0.375482,0.467254,0.0
2017-02-16,44.489548,0.198866,0.0,1.0,-0.322555,147.114414,0.375482,0.443003,0.0
2017-02-17,43.936387,0.200838,0.0,1.0,-0.207168,147.114414,0.375482,0.423835,0.0
2017-02-20,43.874543,0.190799,0.0,1.0,-0.277404,147.114414,0.375482,0.408827,0.0
2017-02-21,43.951108,0.176188,0.0,1.0,-0.44294,147.114414,0.375482,0.397159,0.0
2017-02-22,44.236538,0.162452,0.0,1.0,-0.605199,147.279173,0.363097,0.388136,0.0
2017-02-23,44.629294,0.1735,0.0,1.0,-0.388413,147.279173,0.363097,0.381189,0.0
2017-02-24,44.044248,0.172945,0.0,1.0,-0.372691,147.279173,0.363097,0.375856,0.0
2017-02-27,43.253813,0.167841,0.0,1.0,-0.437599,147.279173,0.363097,0.371771,0.0
2017-02-28,43.935274,0.227094,0.0,1.0,-0.334828,147.279173,0.363097,0.528033,0.0
2017-03-01,44.124063,0.203457,0.0,1.0,-0.454654,145.287609,0.367208,0.491995,0.0
2017-03-02,43.742643,0.199539,0.0,1.0,-0.372285,145.287609,0.367208,0.462775,0.0
2017-03-03,44.577858,0.19231,0.0,1.0,-0.36491,145.287609,0.367208,0.439448,0.0
2017-03-06,44.653173,0.188673,0.0,1.0,-0.332035,145.287609,0.367208,0.421042,0.0
2017-03-07,45.303166,0.230122,0.0,1.0,0.222474,145.287609,0.367208,0.40665,0.0
2017-03-08,45.353491,0.236253,0.0,1.0,0.321416,145.239265,0.368113,0.395472,0.0
2017-03-09,46.502967,0.227098,0.0,1.0,0.267564,145.239265,0.368113,0.386836,0.0
2017-03-10,47.50715,0.227821,0.0,1.0,0.299795,145.239265,0.368113,0.380189,0.0
2017-03-13,47.379642,0.226765,0.0,1.0,0.308966,145.239265,0.368113,0.37509,0.0
2017-03-14,47.94965,0.333942,0.0,1.0,1.171723,145.239265,0.368113,0.371186,0.0
2017-03-15,48.336937,0.327721,0.0,1.0,0.995829,160.270832,0.396476,0.368202,0.0
2017-03-16,49.152101,0.320017,0.0,1.0,0.951908,160.270832,0.396476,0.365925,0.0
2017-03-17,48.600825,0.327515,0.0,1.0,1.009687,160.270832,0.396476,0.364188,0.0
2017-03-20,49.017292,0.313395,0.0,1.0,0.91745,160.270832,0.396476,0.362866,0.0
2017-03-21,49.658731,0.232815,1.0,1.0,0.271461,160.270832,0.396476,0.361858,0.0
2017-03-22,48.63626,0.263612,0.0,1.0,0.357351,182.86219,0.439161,0.361092,0.0
2017-03-23,47.964936,0.330606,0.0,1.0,0.242772,182.86219,0.439161,0.521947,0.0
2017-03-24,46.819485,0.316675,0.0,1.0,0.280287,182.86219,0.439161,0.487024,0.0
2017-03-27,46.68237,0.364743,0.0,1.0,0.183495,182.86219,0.439161,0.595414,0.0
2017-03-28,47.100192,0.283859,0.0,1.0,-0.23324,182.86219,0.439161,0.548123,0.0
2017-03-29,47.971418,0.247017,0.0,1.0,-0.278152,167.013187,0.417027,0.508516,0.0
2017-03-30,48.028496,0.227139,0.0,1.0,-0.351876,167.013187,0.417027,0.476107,0.0
2017-03-31,48.991063,0.227083,0.0,1.0,-0.232091,167.013187,0.417027,0.450052,0.0
2017-04-03,48.200851,0.214953,0.0,1.0,-0.283668,167.013187,0.417027,0.429386,0.0
2017-04-04,47.239768,0.253881,0.0,1.0,0.193501,167.013187,0.417027,0.41316,0.0
2017-04-05,47.222455,0.311222,0.0,1.0,0.146412,157.210613,0.430655,0.551858,0.0
2017-04-06,47.454829,0.292847,0.0,1.0,0.165848,157.210613,0.430655,0.511607,0.0
2017-04-07,47.450448,0.267872,0.0,1.0,0.096536,157.210613,0.430655,0.478613,0.0
2017-04-10,46.301606,0.250811,0.0,1.0,0.053858,157.210613,0.430655,0.452053,0.0
2017-04-11,46.265994,0.268231,0.0,1.0,-0.322785,157.210613,0.430655,0.574616,0.0
2017-04-12,45.561068,0.23829,0.0,1.0,-0.421406,162.223022,0.406319,0.530575,0.0
2017-04-13,45.942456,0.224488,0.0,1.0,-0.41191,162.223022,0.406319,0.494077,0.0
2017-04-14,46.158856,0.212444,0.0,1.0,-0.4229,162.223022,0.406319,0.464449,0.0
2017-04-17,45.654869,0.207247,0.0,1.0,-0.380221,162.223022,0.406319,0.440775,0.0
2017-04-18,45.387824,0.175628,0.0,1.0,-0.746758,162.223022,0.406319,0.422085,0.0
2017-04-19,44.828016,0.166766,0.0,1.0,-0.783308,162.957329,0.383559,0.407462,0.0
2017-04-20,44.807752,0.16587,0.0,1.0,-0.745949,162.957329,0.383559,0.396101,0.0
2017-04-21,45.337879,0.155847,0.0,1.0,-0.882145,162.957329,0.383559,0.387321,0.0
2017-04-24,44.818193,0.163934,0.0,1.0,-0.707201,162.957329,0.383559,0.380562,0.0
2017-04-25,45.103629,0.160836,0.0,1.0,-0.73719,162.957329,0.383559,0.375375,0.0
2017-04-26,44.830989,0.163343,0.0,1.0,-0.704543,176.29322,0.35517,0.371404,0.0
2017-04-27,44.419792,0.162942,0.0,1.0,-0.697455,176.29322,0.35517,0.368369,0.0
2017-04-28,44.376089,0.163323,0.0,1.0,-0.680151,176.29322,0.35517,0.366052,0.0
2017-05-01,43.841369,0.164967,0.0,1.0,-0.643731,176.29322,0.35517,0.364285,0.0
2017-05-02,43.564129,0.195766,0.0,1.0,-0.163855,176.29322,0.35517,0.362939,0.0
2017-05-03,42.955279,0.192045,0.0,1.0,-0.155073,171.68401,0.341226,0.361915,0.0
2017-05-04,43.993252,0.190203,0.0,1.0,-0.177807,171.68401,0.341226,0.361134,0.0
2017-05-05,44.025077,0.191782,0.0,1.0,-0.152453,171.68401,0.341226,0.360541,0.0
2017-05-08,43.670058,0.19298,0.0,1.0,-0.133361,171.68401,0.341226,0.360089,0.0
2017-05-09,43.795473,0.152375,0.0,1.0,-0.792382,171.68401,0.341226,0.359746,0.0
2017-05-10,43.749603,0.157838,0.0,1.0,-0.674688,169.690987,0.339787,0.359485,0.0
2017-05-11,43.64684,0.160414,0.0,1.0,-0.62773,169.690987,0.339787,0.359286,0.0
2017-05-12,43.982899,0.160227,0.0,1.0,-0.630352,169.690987,0.339787,0.359136,0.0
2017-05-15,44.397847,0.169709,1.0,1.0,-0.46777,169.690987,0.339787,0.359021,0.0
2017-05-16,44.129345,0.166672,1.0,1.0,-0.518025,169.690987,0.339787,0.358934,0.0
2017-05-17,43.838619,0.159479,0.0,1.0,-0.615143,167.083969,0.334743,0.358867,0.0
2017-05-18,43.707274,0.17102,0.0,1.0,-0.418042,167.083969,0.334743,0.358817,0.0
2017-05-19,42.529225,0.16811,0.0,1.0,-0.465928,167.083969,0.334743,0.358779,0.0
2017-05-22,41.775464,0.221599,0.0,1.0,-0.459038,167.083969,0.334743,0.520632,0.0
2017-05-23,42.479078,0.201467,0.0,1.0,-0.555277,167.083969,0.334743,0.485952,0.0
2017-05-24,43.338929,0.20405,0.0,1.0,-0.460802,183.219055,0.320478,0.457925,0.0
2017-05-25,43.222572,0.201772,0.0,1.0,-0.388023,183.219055,0.320478,0.435605,0.0
2017-05-26,43.535711,0.196015,0.0,1.0,-0.385391,183.219055,0.320478,0.418028,0.0
2017-05-29,43.711732,0.193239,0.0,1.0,-0.360816,183.219055,0.320478,0.404304,0.0
2017-05-30,45.370545,0.187532,0.0,1.0,-0.393599,183.219055,0.320478,0.393656,0.0
2017-05-31,45.998004,0.194815,0.0,1.0,-0.226394,183.00338,0.308603,0.385436,0.0
2017-06-01,45.941231,0.18168,1.0,1.0,-0.388537,183.00338,0.308603,0.379115,0.0
2017-06-02,45.431083,0.194878,0.0,1.0,-0.17387,183.00338,0.308603,0.374266,0.0
2017-06-05,44.57705,0.193143,0.0,1.0,-0.181099,183.00338,0.308603,0.370556,0.0
2017-06-06,44.699429,0.239765,0.0,1.0,0.339907,183.00338,0.308603,0.367721,0.0
2017-06-07,44.308854,0.237776,0.0,1.0,0.34846,182.257587,0.299426,0.365558,0.0
2017-06-08,43.572119,0.224106,0.0,1.0,0.22486,182.257587,0.299426,0.363909,0.0
2017-06-09,43.248329,0.231818,0.0,1.0,0.303914,182.257587,0.299426,0.362653,0.0
2017-06-12,42.703463,0.237027,0.0,1.0,0.356224,182.257587,0.299426,0.361696,0.0
2017-06-13,43.589911,0.199413,0.0,1.0,-0.02724,182.257587,0.299426,0.360968,0.0
2017-06-14,44.066744,0.211414,0.0,1.0,0.095105,191.252304,0.284207,0.360415,0.0
2017-06-15,44.075749,0.215957,0.0,1.0,0.143691,191.252304,0.284207,0.359993,0.0
2017-06-16,44.878958,0.219794,0.0,1.0,0.183745,191.252304,0.284207,0.359673,0.0
2017-06-19,44.934122,0.235839,0.0,1.0,0.339394,191.252304,0.284207,0.359429,0.0
2017-06-20,44.485445,0.239316,0.0,1.0,0.372129,191.252304,0.284207,0.359244,0.0
2017-06-21,45.319597,0.225995,0.0,1.0,0.26594,186.137581,0.28615,0.359103,0.0
2017-06-22,45.627311,0.229496,0.0,1.0,0.300098,186.137581,0.28615,0.358996,0.0
2017-06-23,45.076431,0.231046,0.0,1.0,0.315173,186.137581,0.28615,0.358915,0.0
2017-06-26,44.987085,0.231584,0.0,1.0,0.320501,186.137581,0.28615,0.358853,0.0
2017-06-27,44.530219,0.208249,0.0,1.0,0.086628,186.137581,0.28615,0.358806,0.0
2017-06-28,43.81054,0.197661,0.0,1.0,-0.03296,183.205597,0.29276,0.35877,0.0
2017-06-29,44.313464,0.210075,0.0,1.0,0.108478,183.205597,0.29276,0.358743,0.0
2017-06-30,45.354145,0.215749,0.0,1.0,0.167482,183.205597,0.29276,0.358723,0.0
2017-07-03,44.612708,0.216533,0.0,1.0,0.175549,183.205597,0.29276,0.358707,0.0
2017-07-04,44.928592,0.211056,0.0,1.0,0.118981,183.205597,0.29276,0.358695,0.0
2017-07-05,44.592544,0.214622,0.0,1.0,0.180947,176.415886,0.29718,0.358686,0.0
2017-07-06,44.345941,0.217074,0.0,1.0,0.206055,176.415886,0.29718,0.358679,0.0
2017-07-07,44.045027,0.207938,0.0,1.0,0.11098,176.415886,0.29718,0.358674,0.0
2017-07-10,43.603811,0.224201,0.0,1.0,0.277226,176.415886,0.29718,0.35867,0.0
2017-07-11,43.642298,0.174061,0.0,1.0,-0.351759,176.415886,0.29718,0.358667,0.0
2017-07-12,43.22225,0.17645,0.0,1.0,-0.365802,186.305443,0.295107,0.358665,0.0
2017-07-13,43.375766,0.170997,0.0,1.0,-0.453227,186.305443,0.295107,0.358663,0.0
2017-07-14,43.362631,0.175848,0.0,1.0,-0.375272,186.305443,0.295107,0.358661,0.0
2017-07-17,43.251446,0.171357,0.0,1.0,-0.447344,186.305443,0.295107,0.35866,0.0
2017-07-18,42.795797,0.182208,0.0,1.0,-0.276933,186.305443,0.295107,0.35866,0.0
2017-07-19,42.513371,0.183808,0.0,1.0,-0.340708,203.49929,0.296721,0.358659,0.0
2017-07-20,42.913366,0.185893,0.0,1.0,-0.309697,203.49929,0.296721,0.358659,0.0
2017-07-21,43.185049,0.188359,0.0,1.0,-0.273523,203.49929,0.296721,0.358658,0.0
2017-07-24,42.694226,0.188458,0.0,1.0,-0.272088,203.49929,0.296721,0.358658,0.0
2017-07-25,42.757972,0.188292,0.0,1.0,-0.274503,203.49929,0.296721,0.358658,0.0
2017-07-26,43.158195,0.189118,0.0,1.0,-0.266319,198.251526,0.310714,0.358658,0.0
2017-07-27,42.314908,0.190867,0.0,1.0,-0.241138,198.251526,0.310714,0.358658,0.0
2017-07-28,42.604495,0.251883,0.0,1.0,-0.24447,198.251526,0.310714,0.520563,0.0
2017-07-31,42.279752,0.239902,0.0,1.0,-0.213781,198.251526,0.310714,0.485896,0.0
2017-08-01,42.583015,0.226468,0.0,1.0,-0.23798,198.251526,0.310714,0.45788,0.0
2017-08-02,42.207434,0.234461,0.0,1.0,-0.212127,238.078926,0.316818,0.43557,0.0
2017-08-03,41.315502,0.229222,0.0,1.0,-0.191206,238.078926,0.316818,0.418,0.0
2017-08-04,40.528574,0.27078,0.0,1.0,-0.379965,238.078926,0.316818,0.55467,0.0
2017-08-07,40.564134,0.2672,0.0,1.0,-0.22699,238.078926,0.316818,0.513938,0.0
2017-08-08,40.702966,0.239434,0.0,1.0,-0.363942,238.078926,0.316818,0.480505,0.0
2017-08-09,40.275734,0.249239,0.0,1.0,-0.282827,265.542801,0.351142,0.453565,0.0
2017-08-10,40.597735,0.243499,0.0,1.0,-0.245813,265.542801,0.351142,0.432158,0.0
2017-08-11,39.808244,0.218564,0.0,1.0,-0.456452,265.542801,0.351142,0.415329,0.0
2017-08-14,39.788625,0.231155,0.0,1.0,-0.245939,265.542801,0.351142,0.402205,0.0
2017-08-15,39.226356,0.217397,0.0,1.0,-0.36313,265.542801,0.351142,0.392033,0.0
2017-08-16,38.932401,0.229734,1.0,1.0,-0.384141,286.758758,0.427284,0.384186,0.0
2017-08-17,38.96624,0.238098,1.0,1.0,-0.260899,286.758758,0.427284,0.378155,0.0
2017-08-18,38.577556,0.222672,1.0,1.0,-0.418361,286.758758,0.427284,0.373531,0.0
2017-08-21,38.411466,0.233911,1.0,1.0,-0.270446,286.758758,0.427284,0.369994,0.0
2017-08-22,38.889781,0.229251,1.0,1.0,-0.31165,286.758758,0.427284,0.367292,0.0
2017-08-23,0.094606,0.220939,1.0,1.0,-0.401561,289.910156,0.424072,0.365231,0.0
2017-08-24,0.091481,0.288756,1.0,1.0,-0.424661,289.910156,0.424072,0.524303,0.0
2017-08-25,0.088457,0.263975,1.0,1.0,-0.499551,289.910156,0.424072,0.488947,0.0
2017-08-28,0.085531,0.251969,1.0,1.0,-0.490834,289.910156,0.424072,0.460327,0.0
2017-08-29,0.082702,0.248424,1.0,1.0,-0.422978,289.910156,0.424072,0.437507,0.0
2017-08-30,0.079968,0.235503,1.0,1.0,-0.535123,290.372299,0.450034,0.419519,0.0
2017-08-31,0.077326,0.239684,1.0,1.0,-0.423272,290.372299,0.450034,0.405464,0.0
2017-09-01,0.074775,0.228987,1.0,1.0,-0.494576,290.372299,0.450034,0.394554,0.0
2017-09-04,0.072312,0.225313,1.0,1.0,-0.498847,290.372299,0.450034,0.386128,0.0
2017-09-05,0.069935,0.230793,1.0,1.0,-0.404672,290.372299,0.450034,0.379646,0.0
2017-09-06,0.067642,0.231211,1.0,1.0,-0.399941,289.068726,0.462977,0.374673,0.0
2017-09-07,0.065431,0.229954,1.0,1.0,-0.396897,289.068726,0.462977,0.370867,0.0
2017-09-08,0.063299,0.229496,1.0,1.0,-0.388773,289.068726,0.462977,0.367959,0.0
2017-09-11,0.061245,0.22931,1.0,1.0,-0.380673,289.068726,0.462977,0.365739,0.0
2017-09-12,0.059266,0.222965,1.0,1.0,-0.447884,289.068726,0.462977,0.364047,0.0
2017-09-13,0.05736,0.222618,1.0,1.0,-0.491395,286.81073,0.488076,0.362758,0.0
2017-09-14,0.055525,0.222576,1.0,1.0,-0.487358,286.81073,0.488076,0.361776,0.0
2017-09-15,0.053759,0.23388,1.0,1.0,-0.351545,286.81073,0.488076,0.361029,0.0
2017-09-18,0.05206,0.234362,1.0,1.0,-0.343422,286.81073,0.488076,0.360461,0.0
2017-09-19,0.050426,0.234902,1.0,1.0,-0.335285,286.81073,0.488076,0.360029,0.0
2017-09-20,0.048855,0.221327,1.0,1.0,-0.327214,245.555069,0.460181,0.3597,0.0
2017-09-21,0.047345,0.214217,1.0,1.0,-0.413686,245.555069,0.460181,0.35945,0.0
2017-09-22,0.045894,0.211192,1.0,1.0,-0.451083,245.555069,0.460181,0.35926,0.0
2017-09-25,0.044499,0.223341,1.0,1.0,-0.300244,245.555069,0.460181,0.359115,0.0
2017-09-26,0.04316,0.224169,1.0,1.0,-0.289837,245.555069,0.460181,0.359005,0.0
2017-09-27,0.041875,0.208491,1.0,1.0,-0.278633,231.633957,0.380585,0.358922,0.0
2017-09-28,0.040641,0.206769,1.0,1.0,-0.300721,231.633957,0.380585,0.358858,0.0
2017-09-29,0.039457,0.210468,1.0,1.0,-0.252666,231.633957,0.380585,0.35881,0.0
2017-10-02,0.038322,0.207728,1.0,1.0,-0.287838,231.633957,0.380585,0.358773,0.0
2017-10-03,0.037233,0.333192,1.0,1.0,0.8,231.633957,0.380585,0.358746,0.0
2017-10-04,0.03619,0.326988,1.0,1.0,0.807499,234.606773,0.345747,0.358724,0.0
2017-10-05,0.03519,0.335705,1.0,1.0,0.865903,234.606773,0.345747,0.358708,0.0
2017-10-06,0.034232,0.325866,1.0,1.0,0.8,234.606773,0.345747,0.358696,0.0
2017-10-09,0.033315,0.32586,1.0,1.0,0.8,234.606773,0.345747,0.358687,0.0
2017-10-10,0.032437,0.215907,1.0,1.0,-0.123692,234.606773,0.345747,0.35868,0.0
2017-10-11,0.031597,0.212282,1.0,1.0,-0.126549,209.892227,0.371212,0.358674,0.0
2017-10-12,0.030794,0.212056,1.0,1.0,-0.129403,209.892227,0.371212,0.35867,0.0
2017-10-13,0.030026,0.211836,1.0,1.0,-0.132179,209.892227,0.371212,0.358667,0.0
2017-10-16,0.029293,0.230424,1.0,1.0,0.076625,209.892227,0.371212,0.358665,0.0
2017-10-17,0.028593,0.17478,1.0,1.0,-0.657604,209.892227,0.371212,0.358663,0.0
2017-10-18,0.027924,0.181587,1.0,1.0,-0.574549,222.846451,0.356801,0.358662,0.0
2017-10-19,0.027287,0.176578,1.0,1.0,-0.65196,222.846451,0.356801,0.358661,0.0
2017-10-20,0.026679,0.182588,1.0,1.0,-0.559381,222.846451,0.356801,0.35866,0.0
2017-10-23,0.026101,0.171508,1.0,1.0,-0.733058,222.846451,0.356801,0.358659,0.0
2017-10-24,0.025551,0.15073,1.0,1.0,-1.099437,222.846451,0.356801,0.358659,0.0
2017-10-25,0.025027,0.148116,1.0,1.0,-0.999073,197.30542,0.335648,0.358658,0.0
2017-10-26,0.02453,0.147581,1.0,1.0,-1.009578,197.30542,0.335648,0.358658,0.0
2017-10-27,0.024059,0.152499,1.0,1.0,-0.91487,197.30542,0.335648,0.358658,0.0
2017-10-30,0.023612,0.154364,1.0,1.0,-0.87997,197.30542,0.335648,0.358658,0.0
2017-10-31,0.023189,0.151631,1.0,1.0,-0.9313,197.30542,0.335648,0.358658,0.0
2017-11-01,0.02279,0.157955,1.0,1.0,-0.916104,209.854103,0.358198,0.358657,0.0
2017-11-02,0.022413,0.149993,1.0,1.0,-1.064487,209.854103,0.358198,0.358657,0.0
2017-11-03,0.022059,0.150546,1.0,1.0,-1.053864,209.854103,0.358198,0.358657,0.0
2017-11-06,0.021726,0.161496,1.0,1.0,-0.853127,209.854103,0.358198,0.358657,0.0
2017-11-07,0.021414,0.156891,1.0,1.0,-0.935387,209.854103,0.358198,0.358657,0.0
2017-11-08,0.021122,0.161672,1.0,1.0,-0.870539,216.887207,0.354033,0.358657,0.0
2017-11-09,0.020851,0.163468,1.0,1.0,-0.83929,216.887207,0.354033,0.358657,0.0
2017-11-10,0.020599,0.165115,0.0,1.0,-0.811021,216.887207,0.354033,0.358657,0.0
2017-11-13,0.020367,0.166634,0.0,1.0,-0.785251,216.887207,0.354033,0.358657,0.0
2017-11-14,0.020153,0.167539,0.0,1.0,-0.770023,216.887207,0.354033,0.358657,0.0
2017-11-15,0.019958,0.159004,0.0,1.0,-0.747529,185.576256,0.341572,0.358657,0.0
2017-11-16,0.019782,0.160175,0.0,1.0,-0.726691,185.576256,0.341572,0.358657,0.0
2017-11-17,0.019623,0.15674,0.0,1.0,-0.7884,185.576256,0.341572,0.358657,0.0
2017-11-20,0.019483,0.162311,0.0,1.0,-0.689148,185.576256,0.341572,0.358657,0.0
2017-11-21,0.01936,0.165597,0.0,1.0,-0.632576,185.576256,0.341572,0.358657,0.0
2017-11-22,0.019255,0.165946,0.0,1.0,-0.767701,204.863701,0.364667,0.358657,0.0
2017-11-23,0.019168,0.178302,0.0,1.0,-0.567228,204.863701,0.364667,0.358657,0.0
2017-11-24,0.019098,0.179007,0.0,1.0,-0.556304,204.863701,0.364667,0.358657,0.0
2017-11-27,0.019046,0.17969,0.0,1.0,-0.545768,204.863701,0.364667,0.358657,0.0
2017-11-28,0.019012,0.174022,0.0,1.0,-0.634698,204.863701,0.364667,0.358657,0.0
2017-11-29,0.018995,0.178475,0.0,1.0,-0.67501,233.17514,0.364538,0.358657,0.0
2017-11-30,0.018996,0.189072,0.0,1.0,-0.516178,233.17514,0.364538,0.358657,0.0
2017-12-01,0.019014,0.186438,0.0,1.0,-0.554652,233.17514,0.364538,0.358657,0.0
2017-12-04,0.019051,0.190617,0.0,1.0,-0.4939,233.17514,0.364538,0.358657,0.0
2017-12-05,0.019107,0.190815,0.0,1.0,-0.491065,233.17514,0.364538,0.358657,0.0
2017-12-06,0.019181,0.191588,0.0,1.0,-0.668355,255.047211,0.424087,0.358657,0.0
2017-12-07,0.019274,0.210072,0.0,1.0,-0.418491,255.047211,0.424087,0.358657,0.0
2017-12-08,0.019387,0.210954,0.0,1.0,-0.407201,255.047211,0.424087,0.358657,0.0
2017-12-11,0.01952,0.213674,0.0,1.0,-0.372716,255.047211,0.424087,0.358657,0.0
2017-12-12,0.019673,0.214255,0.0,1.0,-0.365413,255.047211,0.424087,0.358657,0.0
2017-12-13,0.019847,0.232509,0.0,1.0,-0.243323,258.346741,0.46764,0.358657,0.0
2017-12-14,0.020043,0.234667,0.0,1.0,-0.218685,258.346741,0.46764,0.358657,0.0
2017-12-15,0.020262,0.238967,0.0,1.0,-0.170308,258.346741,0.46764,0.358657,0.0
2017-12-18,0.020503,0.239795,0.0,1.0,-0.161103,258.346741,0.46764,0.358657,0.0
2017-12-19,0.020769,0.242295,0.0,1.0,-0.133497,258.346741,0.46764,0.358657,0.0
2017-12-20,0.021059,0.252923,0.0,1.0,-0.161061,263.82402,0.530712,0.358657,0.0
2017-12-21,0.021376,0.257252,0.0,1.0,-0.115995,263.82402,0.530712,0.358657,0.0
2017-12-22,0.021719,0.255639,0.0,1.0,-0.132703,263.82402,0.530712,0.358657,0.0
2017-12-25,0.022091,0.258628,0.0,1.0,-0.101837,263.82402,0.530712,0.358657,0.0
2017-12-26,0.022492,0.250824,0.0,1.0,-0.183204,263.82402,0.530712,0.358657,0.0
2017-12-27,0.022925,0.263948,0.0,1.0,-0.087836,262.588669,0.552319,0.358657,0.0
2017-12-28,0.023389,0.264642,0.0,1.0,-0.080868,262.588669,0.552319,0.358657,0.0
2017-12-29,0.023888,0.253923,0.0,1.0,-0.190636,262.588669,0.552319,0.358657,0.0
2018-01-01,0.024423,0.266125,0.0,1.0,-0.066029,262.588669,0.552319,0.358657,0.0
2018-01-02,0.024995,0.266811,0.0,1.0,-0.059194,262.588669,0.552319,0.358657,0.0
2018-01-03,0.025607,0.268171,0.0,1.0,-0.053432,272.593613,0.543141,0.358657,0.0
2018-01-04,0.026261,0.252489,0.0,1.0,-0.213401,272.593613,0.543141,0.358657,0.0
2018-01-05,0.02696,0.269383,0.0,1.0,-0.041459,272.593613,0.543141,0.358657,0.0
2018-01-08,0.027705,0.24425,0.0,1.0,-0.301578,272.593613,0.543141,0.358657,0.0
2018-01-09,0.0285,0.455402,0.0,1.0,1.155041,272.593613,0.543141,0.358657,0.0
2018-01-10,0.029347,0.448513,0.0,1.0,1.088941,275.510727,0.55702,0.358657,0.0
2018-01-11,0.03025,0.446867,0.0,1.0,1.08,275.510727,0.55702,0.358657,0.0
2018-01-12,0.031212,0.448866,0.0,1.0,1.090857,275.510727,0.55702,0.358657,0.0
2018-01-15,0.032237,0.44438,0.0,1.0,1.066467,275.510727,0.55702,0.358657,0.0
2018-01-16,0.033329,0.439252,0.0,1.0,1.03843,275.510727,0.55702,0.358657,0.0
2018-01-17,0.034492,0.422256,0.0,1.0,0.992785,279.326446,0.522945,0.358657,0.0
2018-01-18,0.03573,0.411452,0.0,1.0,0.931712,279.326446,0.522945,0.358657,0.0
2018-01-19,0.037048,0.402299,0.0,1.0,0.879184,279.326446,0.522945,0.358657,0.0
2018-01-22,0.038452,0.394512,0.0,1.0,0.833872,279.326446,0.522945,0.358657,0.0
2018-01-23,0.039946,0.387777,0.0,1.0,0.794193,279.326446,0.522945,0.358657,0.0
2018-01-24,0.041538,0.39463,0.0,1.0,0.846185,278.564743,0.516812,0.358657,0.0
2018-01-25,0.043234,0.380591,0.0,1.0,0.762955,278.564743,0.516812,0.358657,0.0
2018-01-26,0.04504,0.369915,0.0,1.0,0.698176,278.564743,0.516812,0.358657,0.0
2018-01-29,0.046964,0.372856,0.0,1.0,0.716155,278.564743,0.516812,0.358657,0.0
2018-01-30,0.049015,0.362006,0.0,1.0,0.649291,278.564743,0.516812,0.358657,0.0
2018-01-31,0.051199,0.351728,0.0,1.0,0.624599,283.730987,0.486427,0.358657,0.0
2018-02-01,0.053528,0.348469,0.0,1.0,0.603753,283.730987,0.486427,0.358657,0.0
2018-02-02,0.05601,0.358036,0.0,1.0,0.664521,283.730987,0.486427,0.358657,0.0
2018-02-05,0.058656,0.351671,0.0,1.0,0.624237,283.730987,0.486427,0.358657,0.0
2018-02-06,0.061477,0.340064,0.0,1.0,0.549251,283.730987,0.486427,0.358657,0.0
2018-02-07,0.064487,0.33036,0.0,1.0,0.566703,284.416244,0.436073,0.358657,0.0
2018-02-08,0.067697,0.323175,0.0,1.0,0.518044,284.416244,0.436073,0.358657,0.0
2018-02-09,0.071121,0.321084,0.0,1.0,0.503706,284.416244,0.436073,0.358657,0.0
2018-02-12,0.074775,0.319105,0.0,1.0,0.490064,284.416244,0.436073,0.358657,0.0
2018-02-13,0.078675,0.330969,0.0,1.0,0.570785,284.416244,0.436073,0.358657,0.0
2018-02-14,0.082837,0.330852,0.0,1.0,0.565075,285.774139,0.437501,0.358657,0.0
2018-02-15,0.08728,0.322329,0.0,1.0,0.507327,285.774139,0.437501,0.358657,0.0
2018-02-16,0.092023,0.323257,0.0,1.0,0.513676,285.774139,0.437501,0.358657,0.0
2018-02-19,0.097087,0.31793,0.0,1.0,0.477002,285.774139,0.437501,0.358657,0.0
2018-02-20,0.102495,0.309615,0.0,1.0,0.418667,285.774139,0.437501,0.358657,0.0
2018-02-21,0.108269,0.314767,0.0,1.0,0.445637,290.052353,0.438349,0.358657,0.0
2018-02-22,0.114436,0.319084,0.0,1.0,0.475652,290.052353,0.438349,0.358657,0.0
2018-02-23,0.121023,0.316792,0.0,1.0,0.459761,290.052353,0.438349,0.358657,0.0
2018-02-26,0.128057,0.323424,0.0,1.0,0.505481,290.052353,0.438349,0.358657,0.0
2018-02-27,0.13557,0.31258,0.0,1.0,0.430288,290.052353,0.438349,0.358657,0.0
2018-02-28,0.143593,0.306142,0.0,1.0,0.371659,291.456696,0.44461,0.358657,0.0
2018-03-01,0.152161,0.317344,0.0,1.0,0.450708,291.456696,0.44461,0.358657,0.0
2018-03-02,0.161311,0.301962,0.0,1.0,0.341488,291.456696,0.44461,0.358657,0.0
2018-03-05,0.171081,0.300762,0.0,1.0,0.332763,291.456696,0.44461,0.358657,0.0
2018-03-06,0.181512,0.299586,0.0,1.0,0.324173,291.456696,0.44461,0.358657,0.0
2018-03-07,0.192647,0.302733,0.0,1.0,0.315702,291.097259,0.464027,0.358657,0.0
2018-03-08,0.204531,0.30158,0.0,1.0,0.307331,291.097259,0.464027,0.358657,0.0
2018-03-09,0.217212,0.300442,0.0,1.0,0.299043,291.097259,0.464027,0.358657,0.0
2018-03-12,0.23074,0.299317,0.0,1.0,0.290819,291.097259,0.464027,0.358657,0.0
2018-03-13,0.245169,0.298201,0.0,1.0,0.28264,291.097259,0.464027,0.358657,0.0
2018-03-14,0.260553,0.297095,0.0,1.0,0.274487,290.583252,0.464601,0.358657,0.0
2018-03-15,0.276951,0.298944,0.0,1.0,0.288075,290.583252,0.464601,0.358657,0.0
2018-03-16,0.294422,0.29489,0.0,1.0,0.258174,290.583252,0.464601,0.358657,0.0
2018-03-19,0.31303,0.293786,0.0,1.0,0.249967,290.583252,0.464601,0.358657,0.0
2018-03-20,0.332839,0.305228,0.0,1.0,0.333698,290.583252,0.464601,0.358657,0.0
2018-03-21,0.353918,0.313886,0.0,1.0,0.349636,262.398376,0.526663,0.358657,0.0
2018-03-22,0.376337,0.296533,0.0,1.0,0.224794,262.398376,0.526663,0.358657,0.0
2018-03-23,0.400166,0.295356,0.0,1.0,0.216086,262.398376,0.526663,0.358657,0.0
2018-03-26,0.425481,0.29415,0.0,1.0,0.207132,262.398376,0.526663,0.358657,0.0
2018-03-27,0.452356,0.292905,0.0,1.0,0.197851,262.398376,0.526663,0.358657,0.0
2018-03-28,0.480869,0.313757,0.0,1.0,0.333933,264.367096,0.532986,0.358657,0.0
2018-03-29,0.511098,0.29466,0.0,1.0,0.196124,264.367096,0.532986,0.358657,0.0
2018-03-30,0.543121,0.293268,0.0,1.0,0.185764,264.367096,0.532986,0.358657,0.0
2018-04-02,0.577018,0.28911,0.0,1.0,0.154535,264.367096,0.532986,0.358657,0.0
2018-04-03,0.612868,0.304986,0.0,1.0,0.271613,264.367096,0.532986,0.358657,0.0
2018-04-04,0.650749,0.283966,0.0,1.0,0.122333,267.794846,0.524213,0.358657,0.0
2018-04-05,0.690738,0.260757,0.0,1.0,-0.077535,267.794846,0.524213,0.358657,0.0
2018-04-06,0.732911,0.258824,0.0,1.0,-0.097292,267.794846,0.524213,0.358657,0.0
2018-04-09,0.777341,0.248907,0.0,1.0,-0.20106,267.794846,0.524213,0.358657,0.0
2018-04-10,0.824096,0.266685,0.0,1.0,-0.01787,267.794846,0.524213,0.358657,0.0
2018-04-11,0.873241,0.265688,0.0,1.0,-0.01787,270.244919,0.516107,0.358657,0.0
2018-04-12,0.924838,0.260482,0.0,1.0,-0.070396,270.244919,0.516107,0.358657,0.0
2018-04-13,0.978938,0.248018,0.0,1.0,-0.200626,270.244919,0.516107,0.358657,0.0
2018-04-16,1.03559,0.253583,0.0,1.0,-0.141672,270.244919,0.516107,0.358657,0.0
2018-04-17,1.094832,0.262369,0.0,1.0,-0.051243,270.244919,0.516107,0.358657,0.0
2018-04-18,1.156694,0.266208,0.0,1.0,-0.01787,268.189178,0.521333,0.358657,0.0
2018-04-19,1.221193,0.2573,0.0,1.0,-0.108217,268.189178,0.521333,0.358657,0.0
2018-04-20,1.288338,0.266208,0.0,1.0,-0.01787,268.189178,0.521333,0.358657,0.0
2018-04-23,1.358123,0.260692,0.0,1.0,-0.073449,268.189178,0.521333,0.358657,0.0
2018-04-24,1.430529,0.260962,0.0,1.0,-0.070693,268.189178,0.521333,0.358657,0.0
2018-04-25,1.505522,0.257008,0.0,1.0,-0.110199,264.402786,0.525794,0.358657,0.0
2018-04-26,1.58305,0.246049,0.0,1.0,-0.225967,264.402786,0.525794,0.358657,0.0
2018-04-27,1.663046,0.263964,0.0,1.0,-0.039301,264.402786,0.525794,0.358657,0.0
2018-04-30,1.745423,0.266104,0.0,1.0,-0.01787,264.402786,0.525794,0.358657,0.0
2018-05-01,1.830076,0.266104,0.0,1.0,-0.01787,264.402786,0.525794,0.358657,0.0
2018-05-02,1.916878,0.350559,0.0,1.0,-0.01787,262.552536,0.523109,0.520563,0.0
2018-05-03,2.005683,0.410582,0.0,1.0,-0.01787,262.552536,0.523109,0.615681,0.0
2018-05-04,2.096322,0.451297,0.0,1.0,-0.01787,262.552536,0.523109,0.675139,0.0
2018-05-07,2.188605,0.479055,0.0,1.0,-0.01787,262.552536,0.523109,0.714098,0.0
2018-05-08,2.28232,0.496231,0.0,1.0,-0.030903,262.552536,0.523109,0.740552,0.0
2018-05-09,2.377233,0.510757,0.0,1.0,-0.01787,262.729172,0.519402,0.759009,0.0
2018-05-10,2.473087,0.525738,0.0,1.0,0.012216,262.729172,0.519402,0.772154,0.0
2018-05-11,2.569604,0.550502,0.0,1.0,0.10213,262.729172,0.519402,0.781663,0.0
2018-05-14,2.666487,0.555716,0.0,1.0,0.10213,262.729172,0.519402,0.788624,0.0
2018-05-15,2.763417,0.559571,0.0,1.0,0.10213,262.729172,0.519402,0.793766,0.0
2018-05-16,2.860059,0.559599,0.0,1.0,0.089716,264.041138,0.516444,0.79759,0.0
2018-05-17,2.95606,0.54876,0.0,1.0,0.023904,264.041138,0.516444,0.80045,0.0
2018-05-18,3.051051,0.565803,0.0,1.0,0.10213,264.041138,0.516444,0.802596,0.0
2018-05-21,3.144653,0.567015,0.0,1.0,0.10213,264.041138,0.516444,0.804211,0.0
2018-05-22,3.236475,0.56793,0.0,1.0,0.10213,264.041138,0.516444,0.80543,0.0
2018-05-23,3.326118,0.568344,0.0,1.0,0.10213,263.054459,0.516919,0.806352,0.0
2018-05-24,3.413179,0.568868,0.0,1.0,0.10213,263.054459,0.516919,0.807049,0.0
2018-05-25,3.497253,0.569264,0.0,1.0,0.10213,263.054459,0.516919,0.807578,0.0
2018-05-28,3.577938,0.538064,0.0,1.0,-0.070158,263.054459,0.516919,0.807979,0.0
2018-05-29,3.654835,0.554657,0.0,1.0,0.02546,263.054459,0.516919,0.808283,0.0
2018-05-30,3.727554,0.557247,0.0,1.0,0.037387,257.985565,0.524075,0.808513,0.0
2018-05-31,3.795719,0.542034,0.0,1.0,-0.049258,257.985565,0.524075,0.808688,0.0
2018-06-01,3.858968,0.570261,0.0,1.0,0.10213,257.985565,0.524075,0.808821,0.0
2018-06-04,3.91696,0.556215,0.0,1.0,0.030599,257.985565,0.524075,0.808923,0.0
2018-06-05,3.969374,0.570394,0.0,1.0,0.10213,257.985565,0.524075,0.808999,0.0
2018-06-06,4.015918,0.561576,0.0,1.0,0.053555,250.285141,0.537425,0.809058,0.0
2018-06-07,4.056329,0.571201,0.0,1.0,0.10213,250.285141,0.537425,0.809102,0.0
2018-06-08,4.090374,0.571227,0.0,1.0,0.10213,250.285141,0.537425,0.809136,0.0
2018-06-11,4.117856,0.5693,0.0,1.0,0.092276,250.285141,0.537425,0.809161,0.0
2018-06-12,4.138617,0.537253,0.0,1.0,-0.085629,250.285141,0.537425,0.809181,0.0
2018-06-13,4.152535,0.548574,0.0,1.0,-0.014769,245.551697,0.544144,0.809195,0.0
2018-06-14,4.159529,0.549155,0.0,1.0,-0.011232,245.551697,0.544144,0.809207,0.0
2018-06-15,4.15956,0.546962,0.0,1.0,-0.024818,245.551697,0.544144,0.809215,0.0
2018-06-18,4.152631,0.574292,0.0,1.0,0.118074,245.551697,0.544144,0.809222,0.0
2018-06-19,4.138786,0.574801,0.0,1.0,0.120636,245.551697,0.544144,0.809227,0.0
2018-06-20,4.118112,0.577998,0.0,1.0,0.14482,249.935791,0.532635,0.80923,0.0
2018-06-21,4.090736,0.58324,1.0,1.0,0.171365,249.935791,0.532635,0.809233,0.0
2018-06-22,4.056824,0.567735,1.0,1.0,0.092833,249.935791,0.532635,0.809235,0.0
2018-06-25,4.016581,0.549759,1.0,1.0,0.001735,249.935791,0.532635,0.809237,0.0
2018-06-26,3.970247,0.565171,1.0,1.0,0.079837,249.935791,0.532635,0.809238,0.0
2018-06-27,3.918094,0.556209,1.0,1.0,0.040796,250.807556,0.527483,0.809239,0.0
2018-06-28,3.860425,0.548926,1.0,1.0,0.003855,250.807556,0.527483,0.80924,0.0
2018-06-29,3.797572,0.534789,1.0,1.0,-0.082765,250.807556,0.527483,0.809241,0.0
2018-07-02,3.729887,0.539906,1.0,1.0,-0.051074,250.807556,0.527483,0.809241,0.0
2018-07-03,3.657745,0.537336,1.0,1.0,-0.066987,250.807556,0.527483,0.809241,0.0
2018-07-04,3.581535,0.53476,1.0,1.0,-0.076134,250.262207,0.524897,0.809241,0.0
2018-07-05,3.501661,0.534139,1.0,1.0,-0.079985,250.262207,0.524897,0.809242,0.0
2018-07-06,3.418534,0.534137,1.0,1.0,-0.08,250.262207,0.524897,0.809242,0.0
2018-07-09,3.33257,0.534137,1.0,1.0,-0.08,250.262207,0.524897,0.809242,0.0
2018-07-10,3.244187,0.534137,1.0,1.0,-0.08,250.262207,0.524897,0.809242,0.0
2018-07-11,3.153801,0.506992,1.0,1.0,-0.241429,251.784271,0.51874,0.809242,0.0
2018-07-12,3.061822,0.525816,1.0,1.0,-0.123825,251.784271,0.51874,0.809242,0.0
2018-07-13,2.96865,0.525513,1.0,1.0,-0.125713,251.784271,0.51874,0.809242,0.0
2018-07-16,2.874676,0.518519,1.0,1.0,-0.169285,251.784271,0.51874,0.809242,0.0
2018-07-17,2.780275,0.532872,1.0,1.0,-0.08,251.784271,0.51874,0.809242,0.0
2018-07-18,2.685805,0.493251,1.0,1.0,-0.331479,253.773819,0.517537,0.809242,0.0
2018-07-19,2.591607,0.51331,1.0,1.0,-0.20524,253.773819,0.517537,0.809242,0.0
2018-07-20,2.498,0.501105,1.0,1.0,-0.281861,253.773819,0.517537,0.809242,0.0
2018-07-23,2.405283,0.514148,1.0,1.0,-0.2,253.773819,0.517537,0.809242,0.0
2018-07-24,2.313731,0.514148,1.0,1.0,-0.2,253.773819,0.517537,0.809242,0.0
2018-07-25,2.223597,0.497572,1.0,1.0,-0.31222,254.659546,0.520278,0.809242,0.0
2018-07-26,2.135109,0.505733,1.0,1.0,-0.260808,254.659546,0.520278,0.809242,0.0
2018-07-27,2.048472,0.515438,1.0,1.0,-0.2,254.659546,0.520278,0.809242,0.0
2018-07-30,1.963867,0.515438,1.0,1.0,-0.2,254.659546,0.520278,0.809242,0.0
2018-07-31,1.881451,0.49368,1.0,1.0,-0.33683,254.659546,0.520278,0.809242,0.0
2018-08-01,1.801358,0.514881,1.0,1.0,-0.2,254.806686,0.518332,0.809242,0.0
2018-08-02,1.723702,0.486735,1.0,1.0,-0.377436,254.806686,0.518332,0.809242,0.0
2018-08-03,1.648574,0.467971,1.0,1.0,-0.2,254.806686,0.518332,0.744823,0.0
2018-08-06,1.576045,0.414461,1.0,1.0,-0.26482,254.806686,0.518332,0.681668,0.0
2018-08-07,1.506168,0.385515,1.0,1.0,-0.2,254.806686,0.518332,0.623405,0.0
2018-08-08,1.438978,0.346052,1.0,1.0,-0.256346,255.271469,0.515825,0.572088,0.0
2018-08-09,1.374494,0.327956,1.0,1.0,-0.2,255.271469,0.515825,0.528456,0.0
2018-08-10,1.312721,0.308174,1.0,1.0,-0.2,255.271469,0.515825,0.492341,0.0
2018-08-13,1.253648,0.291732,1.0,1.0,-0.210854,255.271469,0.515825,0.463054,0.0
2018-08-14,1.197256,0.281256,1.0,1.0,-0.2,255.271469,0.515825,0.439668,0.0
2018-08-15,1.14351,0.26291,1.0,1.0,-0.288744,253.222534,0.516262,0.421215,0.0
2018-08-16,1.092372,0.265102,1.0,1.0,-0.2,253.222534,0.516262,0.406785,0.0
2018-08-17,1.04379,0.259977,1.0,1.0,-0.2,253.222534,0.516262,0.395577,0.0
2018-08-20,0.997709,0.256086,1.0,1.0,-0.2,253.222534,0.516262,0.386916,0.0
2018-08-21,0.954067,0.253132,1.0,1.0,-0.2,253.222534,0.516262,0.380251,0.0
2018-08-22,0.912799,0.250129,1.0,1.0,-0.201997,247.160431,0.522264,0.375137,0.0
2018-08-23,0.873833,0.227359,1.0,1.0,-0.438136,247.160431,0.522264,0.371222,0.0
2018-08-24,0.837099,0.239722,1.0,1.0,-0.283077,247.160431,0.522264,0.36823,0.0
2018-08-27,0.802521,0.245887,1.0,1.0,-0.204965,247.160431,0.522264,0.365946,0.0
2018-08-28,0.770027,0.245602,1.0,1.0,-0.2,247.160431,0.522264,0.364205,0.0
2018-08-29,0.73954,0.245236,1.0,1.0,-0.21159,244.325638,0.533489,0.362878,0.0
2018-08-30,0.710987,0.240748,1.0,1.0,-0.256066,244.325638,0.533489,0.361868,0.0
2018-08-31,0.684295,0.245547,1.0,1.0,-0.2,244.325638,0.533489,0.361099,0.0
2018-09-03,0.659393,0.234545,1.0,1.0,-0.319337,244.325638,0.533489,0.360514,0.0
2018-09-04,0.636211,0.238035,1.0,1.0,-0.277915,244.325638,0.533489,0.360069,0.0
2018-09-05,0.614683,0.237336,1.0,1.0,-0.2723,250.183639,0.518645,0.35973,0.0
2018-09-06,0.594745,0.23967,1.0,1.0,-0.245051,250.183639,0.518645,0.359473,0.0
2018-09-07,0.576337,0.243679,1.0,1.0,-0.2,250.183639,0.518645,0.359277,0.0
2018-09-10,0.559403,0.23801,1.0,1.0,-0.26197,250.183639,0.518645,0.359129,0.0
2018-09-11,0.543889,0.238965,1.0,1.0,-0.250781,250.183639,0.518645,0.359016,0.0
2018-09-12,0.529747,0.243392,1.0,1.0,-0.2,249.306854,0.519192,0.35893,0.0
2018-09-13,0.516932,0.243364,1.0,1.0,-0.2,249.306854,0.519192,0.358864,0.0
2018-09-14,0.505403,0.243177,1.0,1.0,-0.201815,249.306854,0.519192,0.358815,0.0
2018-09-17,0.495126,0.231135,1.0,1.0,-0.336959,249.306854,0.519192,0.358777,0.0
2018-09-18,0.486069,0.243315,1.0,1.0,-0.2,249.306854,0.519192,0.358748,0.0
2018-09-19,0.478207,0.243431,0.0,1.0,-0.2,240.845383,0.532997,0.358726,0.0
2018-09-20,0.471519,0.243424,0.0,1.0,-0.2,240.845383,0.532997,0.35871,0.0
2018-09-21,0.46599,0.243419,0.0,1.0,-0.2,240.845383,0.532997,0.358697,0.0
2018-09-24,0.461611,0.242323,0.0,1.0,-0.211957,240.845383,0.532997,0.358688,0.0
2018-09-25,0.458377,0.241607,0.0,1.0,-0.219799,240.845383,0.532997,0.35868,0.0
2018-09-26,0.456291,0.24323,0.0,1.0,-0.2,234.828064,0.541928,0.358675,0.0
2018-09-27,0.455363,0.228546,0.0,1.0,-0.365953,234.828064,0.541928,0.358671,0.0
2018-09-28,0.455608,0.243227,0.0,1.0,-0.2,234.828064,0.541928,0.358667,0.0
2018-10-01,0.45705,0.243286,0.0,1.0,-0.199342,234.828064,0.541928,0.358665,0.0
2018-10-02,0.459719,0.243704,0.0,1.0,-0.194765,234.828064,0.541928,0.358663,0.0
2018-10-03,0.463655,0.244727,0.0,1.0,-0.184511,233.310783,0.544952,0.358662,0.0
2018-10-04,0.468906,0.246366,0.0,1.0,-0.166768,233.310783,0.544952,0.358661,0.0
2018-10-05,0.47553,0.23211,0.0,1.0,-0.325484,233.310783,0.544952,0.35866,0.0
2018-10-08,0.483595,0.251156,0.0,1.0,-0.115585,233.310783,0.544952,0.358659,0.0
2018-10-09,0.493182,0.252557,0.0,1.0,-0.100804,233.310783,0.544952,0.358659,0.0
2018-10-10,0.504383,0.258158,0.0,1.0,-0.025441,233.878586,0.535461,0.358658,0.0
2018-10-11,0.517303,0.261912,0.0,1.0,0.010592,233.878586,0.535461,0.358658,0.0
2018-10-12,0.532064,0.265345,0.0,1.0,0.038995,233.878586,0.535461,0.358658,0.0
2018-10-15,0.548802,0.267779,0.0,1.0,0.058911,233.878586,0.535461,0.358658,0.0
2018-10-16,0.567673,0.251805,0.0,1.0,-0.091605,233.878586,0.535461,0.358658,0.0
2018-10-17,0.588851,0.257816,0.0,1.0,0.001582,232.745171,0.522018,0.358658,0.0
2018-10-18,0.612533,0.267253,0.0,1.0,0.08,232.745171,0.522018,0.358657,0.0
2018-10-19,0.638938,0.262359,0.0,1.0,0.039687,232.745171,0.522018,0.358657,0.0
2018-10-22,0.668315,0.259318,0.0,1.0,0.01426,232.745171,0.522018,0.358657,0.0
2018-10-23,0.700936,0.253077,0.0,1.0,-0.047332,232.745171,0.522018,0.358657,0.0
2018-10-24,0.737111,0.248335,0.0,1.0,-0.077521,229.589355,0.517521,0.358657,0.0
2018-10-25,0.77718,0.26524,0.0,1.0,0.08,229.589355,0.517521,0.358657,0.0
2018-10-26,0.821524,0.26524,0.0,1.0,0.08,229.589355,0.517521,0.358657,0.0
2018-10-29,0.870563,0.26524,0.0,1.0,0.08,229.589355,0.517521,0.358657,0.0
2018-10-30,0.924763,0.26524,0.0,1.0,0.08,229.589355,0.517521,0.358657,0.0
2018-10-31,0.984641,0.2582,0.0,1.0,0.02461,230.185722,0.514478,0.358657,0.0
2018-11-01,1.050762,0.253146,0.0,1.0,-0.022537,230.185722,0.514478,0.358657,0.0
2018-11-02,1.123754,0.264841,0.0,1.0,0.08,230.185722,0.514478,0.358657,0.0
2018-11-05,1.204299,0.264841,0.0,1.0,0.08,230.185722,0.514478,0.358657,0.0
2018-11-06,1.293149,0.262433,0.0,1.0,0.06008,230.185722,0.514478,0.358657,0.0
2018-11-07,1.39112,0.262476,0.0,1.0,0.08,231.44986,0.500412,0.358657,0.0
2018-11-08,1.4991,0.240161,0.0,1.0,-0.138728,231.44986,0.500412,0.358657,0.0
2018-11-09,1.618049,0.262476,0.0,1.0,0.08,231.44986,0.500412,0.358657,0.0
2018-11-12,1.749003,0.261127,0.0,1.0,0.068761,231.44986,0.500412,0.358657,0.0
2018-11-13,1.893068,0.244094,0.0,1.0,-0.095503,231.44986,0.500412,0.358657,0.0
2018-11-14,2.051427,0.258691,0.0,1.0,0.08,224.693748,0.493302,0.358657,0.0
2018-11-15,2.225327,0.258691,0.0,1.0,0.08,224.693748,0.493302,0.358657,0.0
2018-11-16,2.41608,0.258691,0.0,1.0,0.08,224.693748,0.493302,0.358657,0.0
2018-11-19,2.625051,0.258691,0.0,1.0,0.08,224.693748,0.493302,0.358657,0.0
2018-11-20,2.853643,0.24565,0.0,1.0,-0.04005,224.693748,0.493302,0.358657,0.0
2018-11-21,3.103286,0.256886,0.0,1.0,0.08,218.559296,0.495669,0.358657,0.0
2018-11-22,3.37541,0.242145,0.0,1.0,-0.059692,218.559296,0.495669,0.358657,0.0
2018-11-23,3.671425,0.256886,0.0,1.0,0.08,218.559296,0.495669,0.358657,0.0
2018-11-26,3.992683,0.256886,0.0,1.0,0.08,218.559296,0.495669,0.358657,0.0
2018-11-27,4.340444,0.256886,0.0,1.0,0.08,218.559296,0.495669,0.358657,0.0
2018-11-28,4.715836,0.249341,0.0,1.0,0.032584,212.824448,0.496443,0.358657,0.0
2018-11-29,5.1198,0.254817,0.0,1.0,0.08,212.824448,0.496443,0.358657,0.0
2018-11-30,5.553039,0.249541,0.0,1.0,0.034331,212.824448,0.496443,0.358657,0.0
2018-12-03,6.015958,0.238062,0.0,1.0,-0.083489,212.824448,0.496443,0.358657,0.0
2018-12-04,6.508601,0.254817,0.0,1.0,0.08,212.824448,0.496443,0.358657,0.0
2018-12-05,7.030586,0.252328,0.0,1.0,0.064795,209.980774,0.498592,0.358657,0.0
2018-12-06,7.581037,0.254092,0.0,1.0,0.08,209.980774,0.498592,0.358657,0.0
2018-12-07,8.158523,0.249133,0.0,1.0,0.036976,209.980774,0.498592,0.358657,0.0
2018-12-10,8.760997,0.253964,0.0,1.0,0.078903,209.980774,0.498592,0.358657,0.0
2018-12-11,9.385742,0.254092,0.0,1.0,0.08,209.980774,0.498592,0.358657,0.0
2018-12-12,10.029338,0.261589,0.0,1.0,0.141704,207.746536,0.504407,0.358657,0.0
2018-12-13,10.687631,0.248943,0.0,1.0,0.03358,207.746536,0.504407,0.358657,0.0
2018-12-14,11.35573,0.268675,0.0,1.0,0.2,207.746536,0.504407,0.358657,0.0
2018-12-17,12.028025,0.261106,0.0,1.0,0.137669,207.746536,0.504407,0.358657,0.0
2018-12-18,12.698228,0.268675,0.0,1.0,0.2,207.746536,0.504407,0.358657,0.0
2018-12-19,13.359443,0.271407,0.0,1.0,0.2,209.348228,0.514354,0.358657,0.0
2018-12-20,14.004265,0.26562,0.0,1.0,0.152995,209.348228,0.514354,0.358657,0.0
2018-12-21,14.62491,0.253669,0.0,1.0,0.052567,209.348228,0.514354,0.358657,0.0
2018-12-24,15.213365,0.267838,0.0,1.0,0.17113,209.348228,0.514354,0.358657,0.0
2018-12-25,15.76157,0.184031,0.0,1.0,-0.8,209.348228,0.514354,0.358657,0.0
2018-12-26,16.261617,0.185462,0.0,1.0,-0.8,206.797378,0.53044,0.358657,0.0
2018-12-27,16.705955,0.185462,0.0,1.0,-0.8,206.797378,0.53044,0.358657,0.0
2018-12-28,17.087611,0.181939,0.0,1.0,-0.852795,206.797378,0.53044,0.358657,0.0
2018-12-31,17.400396,0.180188,0.0,1.0,-0.879499,206.797378,0.53044,0.358657,0.0
2019-01-01,17.639103,0.377444,0.0,1.0,0.29787,206.797378,0.53044,0.520563,0.0
2019-01-02,17.799684,0.439241,0.0,1.0,0.29787,202.054336,0.536919,0.615681,0.0
2019-01-03,17.87939,0.486253,0.0,1.0,0.323416,202.054336,0.536919,0.675139,0.0
2019-01-04,17.876875,0.50985,1.0,1.0,0.29787,202.054336,0.536919,0.714098,0.0
2019-01-07,17.792251,0.529433,1.0,1.0,0.29775,202.054336,0.536919,0.740552,0.0
2019-01-08,17.627102,0.585061,1.0,1.0,0.509885,202.054336,0.536919,0.759009,0.0
2019-01-09,17.384437,0.545663,1.0,1.0,0.283068,199.699219,0.528554,0.772154,0.0
2019-01-10,17.068604,0.549448,1.0,1.0,0.266157,199.699219,0.528554,0.781663,0.0
2019-01-11,16.685155,0.549903,1.0,1.0,0.242026,199.699219,0.528554,0.788624,0.0
2019-01-14,16.240674,0.563978,1.0,1.0,0.293826,199.699219,0.528554,0.793766,0.0
2019-01-15,15.742573,0.543553,1.0,1.0,0.175725,199.699219,0.528554,0.79759,0.0
2019-01-16,15.198873,0.537573,1.0,1.0,0.138516,200.936203,0.523229,0.80045,0.0
2019-01-17,14.617975,0.561147,1.0,1.0,0.250007,200.936203,0.523229,0.802596,0.0
2019-01-18,14.008424,0.556108,1.0,1.0,0.218334,200.936203,0.523229,0.804211,0.0
2019-01-21,13.378694,0.523677,1.0,1.0,0.048702,200.936203,0.523229,0.80543,0.0
2019-01-22,12.736987,0.521109,1.0,1.0,0.032061,200.936203,0.523229,0.806352,0.0
2019-01-23,12.09106,0.537601,1.0,1.0,0.125256,195.757179,0.528395,0.807049,0.0
2019-01-24,11.448079,0.516973,1.0,1.0,0.01787,195.757179,0.528395,0.807578,0.0
2019-01-25,10.814513,0.509322,1.0,1.0,-0.027975,195.757179,0.528395,0.807979,0.0
2019-01-28,10.196055,0.497759,1.0,1.0,-0.10213,195.757179,0.528395,0.808283,0.0
2019-01-29,9.597588,0.512158,1.0,1.0,-0.01268,195.757179,0.528395,0.808513,0.0
2019-01-30,9.02317,0.493693,1.0,1.0,-0.10213,191.605774,0.524941,0.808688,0.0
2019-01-31,8.476053,0.50468,1.0,1.0,-0.033428,191.605774,0.524941,0.808821,0.0
2019-02-01,7.958728,0.494008,1.0,1.0,-0.10122,191.605774,0.524941,0.808923,0.0
2019-02-04,7.472981,0.49392,1.0,1.0,-0.10213,191.605774,0.524941,0.808999,0.0
2019-02-05,7.01997,0.493963,1.0,1.0,-0.10213,191.605774,0.524941,0.809058,0.0
2019-02-06,6.600303,0.499738,1.0,1.0,-0.01983,185.967667,0.516726,0.809102,0.0
2019-02-07,6.214129,0.489924,1.0,1.0,-0.082084,185.967667,0.516726,0.809136,0.0
2019-02-08,5.861224,0.450722,1.0,1.0,-0.037466,185.967667,0.516726,0.744715,0.0
2019-02-11,5.541075,0.426932,1.0,1.0,0.078521,185.967667,0.516726,0.681565,0.0
2019-02-12,5.252965,0.361611,1.0,1.0,-0.10213,185.967667,0.516726,0.623312,0.0
2019-02-13,4.996049,0.346046,1.0,1.0,0.033762,185.42466,0.505125,0.572008,0.0
2019-02-14,4.769423,0.304532,1.0,1.0,-0.101299,185.42466,0.505125,0.528389,0.0
2019-02-15,4.572188,0.285951,1.0,1.0,-0.10213,185.42466,0.505125,0.492287,0.0
2019-02-18,4.403511,0.271748,1.0,1.0,-0.10213,185.42466,0.505125,0.46301,0.0
2019-02-19,4.262675,0.260907,1.0,1.0,-0.10213,185.42466,0.505125,0.439633,0.0
2019-02-20,4.14913,0.261065,0.0,1.0,-0.015317,188.886261,0.495976,0.421188,0.0
2019-02-21,4.062536,0.246405,0.0,1.0,-0.10213,188.886261,0.495976,0.406763,0.0
2019-02-22,4.002814,0.255046,0.0,1.0,0.033885,188.886261,0.495976,0.39556,0.0
2019-02-25,3.970183,0.238048,0.0,1.0,-0.10213,188.886261,0.495976,0.386904,0.0
2019-02-26,3.965215,0.235312,0.0,1.0,-0.10213,188.886261,0.495976,0.380242,0.0
2019-02-27,3.988881,0.233789,0.0,1.0,-0.10213,187.283607,0.503332,0.37513,0.0
2019-02-28,4.042606,0.235476,0.0,1.0,-0.064875,187.283607,0.503332,0.371216,0.0
2019-03-01,4.128336,0.239519,0.0,1.0,-0.005693,187.283607,0.503332,0.368225,0.0
2019-03-04,4.248608,0.232373,0.0,1.0,-0.075865,187.283607,0.503332,0.365942,0.0
2019-03-05,4.406629,0.233788,0.0,1.0,-0.051625,187.283607,0.503332,0.364202,0.0
2019-03-06,4.606368,0.237346,0.0,1.0,0.003072,181.829567,0.513735,0.362876,0.0
2019-03-07,4.852655,0.243795,0.0,1.0,0.065543,181.829567,0.513735,0.361866,0.0
2019-03-08,5.151293,0.247719,0.0,1.0,0.103352,181.829567,0.513735,0.361098,0.0
2019-03-11,5.509167,0.259828,0.0,1.0,0.20973,181.829567,0.513735,0.360513,0.0
2019-03-12,5.934357,0.250615,0.0,1.0,0.132639,181.829567,0.513735,0.360068,0.0
2019-03-13,6.43624,0.259931,0.0,1.0,0.222851,174.034733,0.530979,0.35973,0.0
2019-03-14,7.025569,0.267922,0.0,1.0,0.289874,174.034733,0.530979,0.359473,0.0
2019-03-15,7.7145,0.25403,0.0,1.0,0.174472,174.034733,0.530979,0.359277,0.0
2019-03-18,8.516558,0.258877,0.0,1.0,0.216275,174.034733,0.530979,0.359128,0.0
2019-03-19,9.446489,0.25431,0.0,1.0,0.17787,174.034733,0.530979,0.359015,0.0
2019-03-20,10.519971,0.254579,0.0,1.0,0.17787,168.843685,0.548969,0.358929,0.0
2019-03-21,11.753119,0.259463,0.0,1.0,0.219575,168.843685,0.548969,0.358864,0.0
2019-03-22,13.161751,0.253239,0.0,1.0,0.166793,168.843685,0.548969,0.358814,0.0
2019-03-25,14.760338,0.251805,0.0,1.0,0.154536,168.843685,0.548969,0.358777,0.0
2019-03-26,16.560634,0.252215,0.0,1.0,0.158199,168.843685,0.548969,0.358748,0.0
2019-03-27,18.56993,0.248139,0.0,1.0,0.122333,166.298309,0.557609,0.358726,0.0
2019-03-28,20.789005,0.24337,0.0,1.0,0.08,166.298309,0.557609,0.35871,0.0
2019-03-29,23.209829,0.246999,0.0,1.0,0.112388,166.298309,0.557609,0.358697,0.0
2019-04-01,25.813206,0.25711,0.0,1.0,0.2,166.298309,0.557609,0.358688,0.0
2019-04-02,28.566609,0.246732,0.0,1.0,0.110086,166.298309,0.557609,0.35868,0.0
2019-04-03,31.422549,0.24706,0.0,1.0,0.13603,162.443592,0.556896,0.358675,0.0
2019-04-04,34.317882,0.254405,0.0,1.0,0.2,162.443592,0.556896,0.358671,0.0
2019-04-05,37.17447,0.254404,0.0,1.0,0.2,162.443592,0.556896,0.358667,0.0
2019-04-08,39.90154,0.237836,0.0,1.0,0.052873,162.443592,0.556896,0.358665,0.0
2019-04-09,42.399926,0.254402,0.0,1.0,0.2,162.443592,0.556896,0.358663,0.0
2019-04-10,44.568132,0.25406,0.0,1.0,0.2,159.413429,0.565972,0.358662,0.0
2019-04-11,46.309827,0.24453,0.0,1.0,0.11652,159.413429,0.565972,0.358661,0.0
2019-04-12,47.542041,0.239656,1.0,1.0,0.072507,159.413429,0.565972,0.35866,0.0
2019-04-15,48.203093,0.254059,1.0,1.0,0.2,159.413429,0.565972,0.358659,0.0
2019-04-16,48.259121,0.254059,1.0,1.0,0.2,159.413429,0.565972,0.358659,0.0
2019-04-17,47.708191,0.219305,1.0,1.0,-0.1,155.932369,0.554659,0.358658,0.0
2019-04-18,46.58126,0.220139,1.0,1.0,-0.089824,155.932369,0.554659,0.358658,0.0
2019-04-19,44.939735,0.225927,1.0,1.0,-0.020339,155.932369,0.554659,0.358658,0.0
2019-04-22,42.869928,0.230281,1.0,1.0,0.025193,155.932369,0.554659,0.358658,0.0
2019-04-23,40.475239,0.233454,1.0,1.0,0.055191,155.932369,0.554659,0.358658,0.0
2019-04-24,37.8672,0.223498,1.0,1.0,0.034581,154.591778,0.51432,0.358658,0.0
2019-04-25,35.156657,0.215916,1.0,1.0,-0.050453,154.591778,0.51432,0.358657,0.0
2019-04-26,32.446206,0.214682,1.0,1.0,-0.065854,154.591778,0.51432,0.358657,0.0
2019-04-29,29.824663,0.209739,1.0,1.0,-0.128554,154.591778,0.51432,0.358657,0.0
2019-04-30,27.363941,0.267002,1.0,1.0,-0.233026,154.591778,0.51432,0.520563,0.0
2019-05-01,25.118265,0.319399,1.0,1.0,-0.157965,151.773434,0.506866,0.615681,0.0
2019-05-02,23.125373,0.33735,1.0,1.0,-0.285465,151.773434,0.506866,0.675139,0.0
2019-05-03,21.409162,0.316022,1.0,1.0,-0.195113,151.773434,0.506866,0.617548,0.0
2019-05-06,19.983203,0.28618,1.0,1.0,-0.226321,151.773434,0.506866,0.56704,0.0
2019-05-07,18.854644,0.26277,1.0,1.0,-0.255084,151.773434,0.506866,0.524234,0.0
2019-05-08,18.028139,0.240203,0.0,1.0,-0.338297,151.609709,0.511514,0.48889,0.0
2019-05-09,17.509619,0.224894,0.0,1.0,-0.381741,151.609709,0.511514,0.460282,0.0
2019-05-10,17.309852,0.228348,0.0,1.0,-0.235541,151.609709,0.511514,0.437471,0.0
2019-05-13,17.44782,0.224321,0.0,1.0,-0.2,151.609709,0.511514,0.419491,0.0
2019-05-14,17.954002,0.217715,0.0,1.0,-0.21515,151.609709,0.511514,0.405442,0.0
2019-05-15,17.775356,0.213531,0.0,1.0,-0.225628,152.850304,0.510918,0.394537,0.0
2019-05-16,17.598489,0.213242,0.0,1.0,-0.190339,152.850304,0.510918,0.386115,0.0
2019-05-17,17.423381,0.201355,0.0,1.0,-0.315267,152.850304,0.510918,0.379636,0.0
2019-05-20,17.250015,0.209365,0.0,1.0,-0.186825,152.850304,0.510918,0.374665,0.0
2019-05-21,17.078375,0.145176,0.0,1.0,-1.191028,152.850304,0.510918,0.370861,0.0
2019-05-22,16.908442,0.142451,0.0,1.0,-1.19729,147.441456,0.515362,0.367954,0.0
2019-05-23,16.7402,0.142989,0.0,1.0,-1.175969,147.441456,0.515362,0.365736,0.0
2019-05-24,16.573632,0.141589,0.0,1.0,-1.197026,147.441456,0.515362,0.364044,0.0
2019-05-27,16.408722,0.143018,0.0,1.0,-1.161608,147.441456,0.515362,0.362756,0.0
2019-05-28,16.245453,0.14328,0.0,1.0,-1.1517,147.441456,0.515362,0.361775,0.0
2019-05-29,16.083808,0.142227,0.0,1.0,-1.141269,146.112225,0.506826,0.361028,0.0
2019-05-30,15.923771,0.142459,0.0,1.0,-1.133863,146.112225,0.506826,0.36046,0.0
2019-05-31,15.765327,0.14068,0.0,1.0,-1.168789,146.112225,0.506826,0.360028,0.0
2019-06-03,15.608459,0.141633,0.0,1.0,-1.147407,146.112225,0.506826,0.359699,0.0
2019-06-04,15.453152,0.133782,0.0,1.0,-1.315368,146.112225,0.506826,0.359449,0.0
2019-06-05,15.299391,0.136992,0.0,1.0,-1.2,145.755455,0.486566,0.359259,0.0
2019-06-06,15.14716,0.138832,0.0,1.0,-1.159794,145.755455,0.486566,0.359115,0.0
2019-06-07,14.996443,0.142228,0.0,1.0,-1.088095,145.755455,0.486566,0.359005,0.0
2019-06-10,14.847226,0.145137,0.0,1.0,-1.028472,145.755455,0.486566,0.358922,0.0
2019-06-11,14.699493,0.136906,0.0,1.0,-1.2,145.755455,0.486566,0.358858,0.0
2019-06-12,14.553231,0.139857,0.0,1.0,-1.126461,145.370716,0.48317,0.35881,0.0
2019-06-13,14.408424,0.143012,0.0,1.0,-1.060709,145.370716,0.48317,0.358773,0.0
2019-06-14,14.265058,0.145737,0.0,1.0,-1.00544,145.370716,0.48317,0.358745,0.0
2019-06-17,14.123118,0.148128,0.0,1.0,-0.958039,145.370716,0.48317,0.358724,0.0
2019-06-18,13.982591,0.144218,0.0,1.0,-1.035824,145.370716,0.48317,0.358708,0.0
2019-06-19,13.843461,0.147162,0.0,1.0,-0.984337,145.332872,0.487045,0.358696,0.0
2019-06-20,13.705717,0.149436,0.0,1.0,-0.939844,145.332872,0.487045,0.358687,0.0
2019-06-21,13.569343,0.151468,0.0,1.0,-0.900824,145.332872,0.487045,0.35868,0.0
2019-06-24,13.434325,0.153302,0.0,1.0,-0.866182,145.332872,0.487045,0.358674,0.0
2019-06-25,13.300652,0.154637,0.0,1.0,-0.841303,145.332872,0.487045,0.35867,0.0
2019-06-26,13.212856,0.158179,0.0,1.0,-0.812621,152.664955,0.474373,0.358667,0.0
2019-06-27,13.35003,0.159637,0.0,1.0,-0.786504,152.664955,0.474373,0.358665,0.0
2019-06-28,13.174223,0.16213,0.0,1.0,-0.742562,152.664955,0.474373,0.358663,0.0
2019-07-01,13.262225,0.163326,0.0,1.0,-0.721767,152.664955,0.474373,0.358662,0.0
2019-07-02,13.497691,0.173868,0.0,1.0,-0.546359,152.664955,0.474373,0.35866,0.0
2019-07-03,13.107163,0.181233,0.0,1.0,-0.502494,160.628593,0.479699,0.35866,0.0
2019-07-04,12.986315,0.172997,0.0,1.0,-0.631499,160.628593,0.479699,0.358659,0.0
2019-07-05,13.08048,0.182294,0.0,1.0,-0.486386,160.628593,0.479699,0.358659,0.0
2019-07-08,13.052562,0.183911,0.0,1.0,-0.462049,160.628593,0.479699,0.358658,0.0
2019-07-09,13.114759,0.186837,0.0,1.0,-0.418662,160.628593,0.479699,0.358658,0.0
2019-07-10,13.023955,0.19524,0.0,1.0,-0.314564,158.120323,0.496918,0.358658,0.0
2019-07-11,13.041407,0.186542,0.0,1.0,-0.439175,158.120323,0.496918,0.358658,0.0
2019-07-12,13.020973,0.191828,0.0,1.0,-0.362652,158.120323,0.496918,0.358658,0.0
2019-07-15,13.208687,0.192651,0.0,1.0,-0.350965,158.120323,0.496918,0.358657,0.0
2019-07-16,13.253051,0.218231,0.0,1.0,-0.013746,158.120323,0.496918,0.358657,0.0
2019-07-17,13.310844,0.235625,0.0,1.0,0.130286,159.146057,0.509433,0.358657,0.0
2019-07-18,13.249191,0.224371,0.0,1.0,0.022908,159.146057,0.509433,0.358657,0.0
2019-07-19,13.175845,0.224043,0.0,1.0,0.01969,159.146057,0.509433,0.358657,0.0
2019-07-22,13.111563,0.224573,0.0,1.0,0.024889,159.146057,0.509433,0.358657,0.0
2019-07-23,13.177725,0.20399,0.0,1.0,-0.228268,159.146057,0.509433,0.358657,0.0
2019-07-24,13.115256,0.207036,0.0,1.0,-0.217935,159.918873,0.52143,0.358657,0.0
2019-07-25,13.16489,0.212125,0.0,1.0,-0.152468,159.918873,0.52143,0.358657,0.0
2019-07-26,13.500925,0.221966,0.0,1.0,-0.030719,159.918873,0.52143,0.358657,0.0
2019-07-29,13.646891,0.226216,0.0,1.0,0.01647,159.918873,0.52143,0.358657,0.0
2019-07-30,13.597683,0.216103,0.0,1.0,-0.102512,159.918873,0.52143,0.358657,0.0
2019-07-31,13.799247,0.231287,1.0,1.0,0.042234,161.615181,0.529214,0.358657,0.0
2019-08-01,13.735959,0.218722,1.0,1.0,-0.09803,161.615181,0.529214,0.358657,0.0
2019-08-02,13.408108,0.233516,0.0,1.0,0.063261,161.615181,0.529214,0.358657,0.0
2019-08-05,13.250862,0.218693,0.0,1.0,-0.09839,161.615181,0.529214,0.358657,0.0
2019-08-06,12.960588,0.220857,0.0,1.0,-0.071987,161.615181,0.529214,0.358657,0.0
2019-08-07,12.909906,0.283784,0.0,1.0,-0.218423,169.347401,0.535398,0.520563,0.0
2019-08-08,12.916634,0.282166,0.0,1.0,-0.073348,169.347401,0.535398,0.485896,0.0
2019-08-09,13.183067,0.27056,0.0,1.0,-0.055388,169.347401,0.535398,0.45788,0.0
2019-08-12,13.238858,0.268694,0.0,1.0,0.024142,169.347401,0.535398,0.43557,0.0
2019-08-13,13.208058,0.332867,0.0,1.0,0.560809,169.347401,0.535398,0.418,0.0
2019-08-14,13.344175,0.364625,0.0,1.0,0.758388,179.15192,0.540847,0.404282,0.0
2019-08-15,12.998661,0.349465,0.0,1.0,0.703303,179.15192,0.540847,0.393639,0.0
2019-08-16,13.039376,0.408911,0.0,1.0,0.503926,179.15192,0.540847,0.540572,0.0
2019-08-19,13.164504,0.38236,0.0,1.0,0.494089,179.15192,0.540847,0.502287,0.0
2019-08-20,12.936866,0.364903,0.0,1.0,0.506415,179.15192,0.540847,0.471068,0.0
2019-08-21,13.119585,0.358271,0.0,1.0,0.517574,184.922394,0.550464,0.446036,0.0
2019-08-22,13.176937,0.342993,0.0,1.0,0.49521,184.922394,0.550464,0.426221,0.0
2019-08-23,13.115367,0.334447,0.0,1.0,0.498058,184.922394,0.550464,0.410689,0.0
2019-08-26,13.219302,0.332937,0.0,1.0,0.53392,184.922394,0.550464,0.398602,0.0
2019-08-27,13.588534,0.340782,0.0,1.0,0.621229,184.922394,0.550464,0.38925,0.0
2019-08-28,13.622308,0.357311,0.0,1.0,0.646221,202.348694,0.572883,0.382045,0.0
2019-08-29,13.667044,0.349462,0.0,1.0,0.617397,202.348694,0.572883,0.376512,0.0
2019-08-30,13.595992,0.342501,0.0,1.0,0.588542,202.348694,0.572883,0.372274,0.0
2019-09-02,13.462081,0.318807,0.0,1.0,0.441914,202.348694,0.572883,0.369033,0.0
2019-09-03,13.600967,0.350484,0.0,1.0,0.661745,202.348694,0.572883,0.366559,0.0
2019-09-04,13.465999,0.351924,0.0,1.0,0.532642,231.136879,0.603784,0.364672,0.0
2019-09-05,13.481612,0.331968,0.0,1.0,0.407953,231.136879,0.603784,0.363234,0.0
2019-09-06,13.40858,0.329028,0.0,1.0,0.392395,231.136879,0.603784,0.362139,0.0
2019-09-09,13.489918,0.32427,0.0,1.0,0.363325,231.136879,0.603784,0.361305,0.0
2019-09-10,13.548103,0.344686,0.0,1.0,0.501345,231.136879,0.603784,0.360671,0.0
2019-09-11,13.721954,0.358697,0.0,1.0,0.503433,253.428345,0.622331,0.360188,0.0
2019-09-12,13.642321,0.35426,0.0,1.0,0.476842,253.428345,0.622331,0.359821,0.0
2019-09-13,13.602292,0.333712,0.0,1.0,0.344531,253.428345,0.622331,0.359542,0.0
2019-09-16,13.447499,0.330401,0.0,1.0,0.323218,253.428345,0.622331,0.35933,0.0
2019-09-17,13.380008,0.334565,0.0,1.0,0.351621,253.428345,0.622331,0.359169,0.0
2019-09-18,13.444757,0.331238,0.0,1.0,0.31001,259.55954,0.625709,0.359046,0.0
2019-09-19,13.571515,0.32032,0.0,1.0,0.236221,259.55954,0.625709,0.358953,0.0
2019-09-20,13.426188,0.334573,0.0,1.0,0.332863,259.55954,0.625709,0.358882,0.0
2019-09-23,13.571098,0.321147,0.0,1.0,0.242387,259.55954,0.625709,0.358828,0.0
2019-09-24,13.797812,0.323943,0.0,1.0,0.261691,259.55954,0.625709,0.358787,0.0
2019-09-25,13.870597,0.35954,0.0,1.0,0.506934,260.105377,0.617272,0.358756,0.0
2019-09-26,14.190785,0.368893,0.0,1.0,0.565045,260.105377,0.617272,0.358732,0.0
2019-09-27,14.063845,0.343455,0.0,1.0,0.404501,260.105377,0.617272,0.358714,0.0
2019-09-30,13.859508,0.338656,0.0,1.0,0.373197,260.105377,0.617272,0.358701,0.0
2019-10-01,13.570887,0.332365,0.0,1.0,0.331574,260.105377,0.617272,0.35869,0.0
2019-10-02,13.820864,0.403657,0.0,1.0,0.189715,256.160232,0.602949,0.520582,0.0
2019-10-03,13.933998,0.403643,0.0,1.0,0.321333,256.160232,0.602949,0.485911,0.0
2019-10-04,13.928885,0.395003,0.0,1.0,0.377574,256.160232,0.602949,0.457892,0.0
2019-10-07,13.979953,0.353208,0.0,1.0,0.207902,256.160232,0.602949,0.435579,0.0
2019-10-08,13.796549,0.342796,0.0,1.0,0.207715,256.160232,0.602949,0.418008,0.0
2019-10-09,14.211728,0.337086,0.0,1.0,0.291342,245.167236,0.577483,0.404288,0.0
2019-10-10,14.238053,0.320283,0.0,1.0,0.218516,245.167236,0.577483,0.393644,0.0
2019-10-11,14.261034,0.319757,0.0,1.0,0.246105,245.167236,0.577483,0.385427,0.0
2019-10-14,14.390095,0.328159,0.0,1.0,0.327434,245.167236,0.577483,0.379107,0.0
2019-10-15,14.477739,0.323897,0.0,1.0,0.316927,245.167236,0.577483,0.374261,0.0
2019-10-16,14.521043,0.304062,0.0,1.0,0.289522,241.844498,0.523526,0.370552,0.0
2019-10-17,14.388268,0.312833,0.0,1.0,0.362777,241.844498,0.523526,0.367718,0.0
2019-10-18,14.474243,0.310903,0.0,1.0,0.357375,241.844498,0.523526,0.365555,0.0
2019-10-21,14.809295,0.298832,0.0,1.0,0.276722,241.844498,0.523526,0.363907,0.0
2019-10-22,15.054848,0.415449,0.0,1.0,1.023584,241.844498,0.523526,0.362651,0.0
2019-10-23,15.350044,0.399913,0.0,1.0,0.983746,282.050354,0.440975,0.361695,0.0
2019-10-24,15.260743,0.400942,0.0,1.0,0.992475,282.050354,0.440975,0.360968,0.0
2019-10-25,15.085115,0.396011,0.0,1.0,0.965894,282.050354,0.440975,0.360414,0.0
2019-10-28,15.066881,0.37998,0.0,1.0,0.872508,282.050354,0.440975,0.359993,0.0
2019-10-29,15.081484,0.371772,0.0,1.0,0.823986,282.050354,0.440975,0.359673,0.0
2019-10-30,15.285399,0.35263,0.0,1.0,0.69667,290.807114,0.436453,0.359429,0.0
2019-10-31,14.982584,0.359406,0.0,1.0,0.740151,290.807114,0.436453,0.359244,0.0
2019-11-01,15.264701,0.4518,0.0,1.0,0.660002,290.807114,0.436453,0.520897,0.0
2019-11-04,15.240357,0.428193,0.0,1.0,0.662542,290.807114,0.436453,0.486168,0.0
2019-11-05,15.167036,0.392058,0.0,1.0,0.562693,290.807114,0.436453,0.458098,0.0
2019-11-06,14.988439,0.382619,0.0,1.0,0.570069,291.49382,0.448764,0.435742,0.0
2019-11-07,14.698139,0.370779,0.0,1.0,0.565314,291.49382,0.448764,0.418135,0.0
2019-11-08,14.848501,0.454698,0.0,1.0,0.525491,291.49382,0.448764,0.554749,0.0
2019-11-11,14.86603,0.440683,0.0,1.0,0.604171,291.49382,0.448764,0.514003,0.0
2019-11-12,14.642074,0.387848,0.0,1.0,0.430961,291.49382,0.448764,0.480558,0.0
2019-11-13,14.420607,0.344493,0.0,1.0,0.263087,291.793381,0.44967,0.453607,0.0
2019-11-14,14.366927,0.360166,0.0,1.0,0.444213,291.793381,0.44967,0.432191,0.0
2019-11-15,14.66197,0.360267,1.0,1.0,0.508806,291.793381,0.44967,0.415355,0.0
2019-11-18,14.620754,0.331709,1.0,1.0,0.374132,291.793381,0.44967,0.402225,0.0
2019-11-19,14.363701,0.313235,0.0,1.0,0.286207,291.793381,0.44967,0.392049,0.0
2019-11-20,14.325703,0.380033,0.0,1.0,0.176448,291.697464,0.438467,0.539657,0.0
2019-11-21,14.283181,0.360081,0.0,1.0,0.198937,291.697464,0.438467,0.501533,0.0
2019-11-22,13.832488,0.336619,0.0,1.0,0.166221,291.697464,0.438467,0.470459,0.0
2019-11-25,13.827626,0.399908,0.0,1.0,0.11958,291.697464,0.438467,0.585521,0.0
2019-11-26,13.793498,0.376481,0.0,1.0,0.154667,291.697464,0.438467,0.53975,0.0
2019-11-27,13.913391,0.345848,0.0,1.0,0.149345,292.066101,0.413107,0.50161,0.0
2019-11-28,14.229813,0.329972,0.0,1.0,0.162894,292.066101,0.413107,0.470521,0.0
2019-11-29,14.427816,0.317081,0.0,1.0,0.169494,292.066101,0.413107,0.445601,0.0
2019-12-02,14.385653,0.308259,0.0,1.0,0.182316,292.066101,0.413107,0.425879,0.0
2019-12-03,14.200157,0.316434,0.0,1.0,0.298625,292.066101,0.413107,0.410421,0.0
2019-12-04,14.649898,0.333537,0.0,1.0,0.50495,289.797333,0.388793,0.398395,0.0
2019-12-05,14.664711,0.342663,0.0,1.0,0.600349,289.797333,0.388793,0.38909,0.0
2019-12-06,14.671563,0.309377,0.0,1.0,0.401492,289.797333,0.388793,0.381922,0.0
2019-12-09,14.671717,0.309872,0.0,1.0,0.425914,289.797333,0.388793,0.376418,0.0
2019-12-10,14.711046,0.304481,0.0,1.0,0.403378,289.797333,0.388793,0.372202,0.0
2019-12-11,14.68999,0.303632,0.0,1.0,0.392321,288.916,0.400186,0.368978,0.0
2019-12-12,14.59359,0.294233,0.0,1.0,0.332773,288.916,0.400186,0.366517,0.0
2019-12-13,14.502486,0.310737,0.0,1.0,0.459603,288.916,0.400186,0.36464,0.0
2019-12-16,14.501137,0.303967,0.0,1.0,0.416655,288.916,0.400186,0.363209,0.0
2019-12-17,14.411204,0.278278,0.0,1.0,0.227641,288.916,0.400186,0.36212,0.0
2019-12-18,14.292741,0.282395,0.0,1.0,0.330354,286.850174,0.361601,0.361291,0.0
2019-12-19,14.315301,0.274998,0.0,1.0,0.27481,286.850174,0.361601,0.36066,0.0
2019-12-20,14.275849,0.257054,0.0,1.0,0.129447,286.850174,0.361601,0.36018,0.0
2019-12-23,14.540199,0.256895,0.0,1.0,0.129479,286.850174,0.361601,0.359815,0.0
2019-12-24,14.089157,0.251973,0.0,1.0,0.088319,286.850174,0.361601,0.359537,0.0
2019-12-25,14.279195,0.303554,0.0,1.0,0.011327,264.04689,0.311001,0.521063,0.0
2019-12-26,14.498665,0.305151,1.0,1.0,0.154878,264.04689,0.311001,0.486304,0.0
2019-12-27,14.146623,0.239432,0.0,1.0,-0.326457,264.04689,0.311001,0.458207,0.0
2019-12-30,14.092795,0.319915,0.0,1.0,-0.110062,264.04689,0.311001,0.578252,0.0
2019-12-31,14.034329,0.303067,0.0,1.0,-0.048594,264.04689,0.311001,0.533628,0.0
2020-01-01,13.803418,0.266061,0.0,1.0,-0.057532,218.154648,0.302449,0.496579,0.0
2020-01-02,13.679282,0.255472,0.0,1.0,-0.026123,218.154648,0.302449,0.466464,0.0
2020-01-03,13.502239,0.239369,0.0,1.0,-0.087842,218.154648,0.302449,0.442375,0.0
2020-01-06,13.793297,0.242426,0.0,1.0,0.027873,218.154648,0.302449,0.423342,0.0
2020-01-07,13.953229,0.240752,0.0,1.0,0.069323,218.154648,0.302449,0.408442,0.0
2020-01-08,14.17202,0.231947,0.0,1.0,0.125637,194.567573,0.297205,0.39686,0.0
2020-01-09,14.299573,0.236185,0.0,1.0,0.199324,194.567573,0.297205,0.387906,0.0
2020-01-10,14.111372,0.236089,0.0,1.0,0.224626,194.567573,0.297205,0.381012,0.0
2020-01-13,14.027038,0.231925,0.0,1.0,0.205733,194.567573,0.297205,0.37572,0.0
2020-01-14,14.113888,0.217276,0.0,1.0,0.077674,194.567573,0.297205,0.371668,0.0
2020-01-15,13.912584,0.207846,0.0,1.0,0.066172,177.124004,0.29885,0.36857,0.0
2020-01-16,14.036341,0.20953,0.0,1.0,0.093039,177.124004,0.29885,0.366206,0.0
2020-01-17,14.000119,0.208408,0.0,1.0,0.087993,177.124004,0.29885,0.364403,0.0
2020-01-20,13.941472,0.210382,0.0,1.0,0.114099,177.124004,0.29885,0.363029,0.0
2020-01-21,14.065141,0.215101,0.0,1.0,0.167127,177.124004,0.29885,0.361982,0.0
2020-01-22,14.144568,0.234608,0.0,1.0,0.352609,180.318127,0.294655,0.361186,0.0
2020-01-23,14.087657,0.242147,0.0,1.0,0.424132,180.318127,0.294655,0.36058,0.0
2020-01-24,14.2893,0.243889,0.0,1.0,0.441552,180.318127,0.294655,0.360119,0.0
2020-01-27,14.109358,0.243896,0.0,1.0,0.442941,180.318127,0.294655,0.359769,0.0
2020-01-28,14.218294,0.265973,0.0,1.0,0.633076,180.318127,0.294655,0.359502,0.0
2020-01-29,14.324147,0.247477,0.0,1.0,0.493058,175.073612,0.300085,0.3593,0.0
2020-01-30,14.275319,0.25598,0.0,1.0,0.567386,175.073612,0.300085,0.359146,0.0
2020-01-31,14.335597,0.247749,0.0,1.0,0.496487,175.073612,0.300085,0.359028,0.0
2020-02-03,14.126216,0.247956,0.0,1.0,0.498651,175.073612,0.300085,0.358939,0.0
2020-02-04,14.28801,0.242982,0.0,1.0,0.454639,175.073612,0.300085,0.358872,0.0
2020-02-05,14.26062,0.242334,0.0,1.0,0.428057,175.706436,0.310865,0.35882,0.0
2020-02-06,14.175699,0.242937,0.0,1.0,0.433637,175.706436,0.310865,0.358781,0.0
2020-02-07,14.35958,0.245066,1.0,1.0,0.452816,175.706436,0.310865,0.358751,0.0
2020-02-10,14.242995,0.236656,0.0,1.0,0.376536,175.706436,0.310865,0.358729,0.0
2020-02-11,14.008491,0.176372,0.0,1.0,-0.338513,175.706436,0.310865,0.358712,0.0
2020-02-12,13.753373,0.170071,0.0,1.0,-0.36286,164.751007,0.307649,0.358699,0.0
2020-02-13,13.85791,0.169384,0.0,1.0,-0.374157,164.751007,0.307649,0.358689,0.0
2020-02-14,13.650704,0.152393,0.0,1.0,-0.674024,164.751007,0.307649,0.358681,0.0
2020-02-17,13.945384,0.161931,0.0,1.0,-0.500788,164.751007,0.307649,0.358675,0.0
2020-02-18,13.605382,0.154037,0.0,1.0,-0.643153,164.751007,0.307649,0.358671,0.0
2020-02-19,13.889358,0.204239,0.0,1.0,-0.65768,176.973934,0.293422,0.520571,0.0
2020-02-20,13.928751,0.191938,0.0,1.0,-0.666242,176.973934,0.293422,0.485902,0.0
2020-02-21,13.91677,0.183851,0.0,1.0,-0.654757,176.973934,0.293422,0.457885,0.0
2020-02-24,13.830213,0.179059,0.0,1.0,-0.62452,176.973934,0.293422,0.435574,0.0
2020-02-25,13.900783,0.227084,0.0,1.0,0.083378,176.973934,0.293422,0.418003,0.0
2020-02-26,13.898676,0.238345,0.0,1.0,0.084747,207.413147,0.311428,0.404284,0.0
2020-02-27,14.088138,0.249221,0.0,1.0,0.222701,207.413147,0.311428,0.393641,0.0
2020-02-28,14.111695,0.244239,0.0,1.0,0.209808,207.413147,0.311428,0.385425,0.0
2020-03-02,14.141412,0.243111,0.0,1.0,0.223689,207.413147,0.311428,0.379106,0.0
2020-03-03,14.084067,0.24371,0.0,1.0,0.247479,207.413147,0.311428,0.374259,0.0
2020-03-04,14.078669,0.249514,0.0,1.0,0.27025,206.442963,0.339434,0.370551,0.0
2020-03-05,14.135007,0.250612,0.0,1.0,0.290602,206.442963,0.339434,0.367717,0.0
2020-03-06,13.852039,0.263594,0.0,1.0,0.409011,206.442963,0.339434,0.365555,0.0
2020-03-09,13.63383,0.308133,0.0,1.0,0.146579,206.442963,0.339434,0.524487,0.0
2020-03-10,13.760104,0.287542,0.0,1.0,0.129496,206.442963,0.339434,0.489097,0.0
2020-03-11,13.792483,0.295144,0.0,1.0,0.17697,228.750542,0.367267,0.460448,0.0
2020-03-12,13.766195,0.278148,0.0,1.0,0.134134,228.750542,0.367267,0.437603,0.0
2020-03-13,13.773372,0.267268,0.0,1.0,0.115491,228.750542,0.367267,0.419594,0.0
2020-03-16,13.83509,0.279926,0.0,1.0,0.269907,228.750542,0.367267,0.405522,0.0
2020-03-17,13.749893,0.290024,0.0,1.0,0.388821,228.750542,0.367267,0.394599,0.0
2020-03-18,13.626159,0.249716,0.0,1.0,0.077766,242.848892,0.353652,0.386163,0.0
2020-03-19,13.662318,0.24404,0.0,1.0,0.052194,242.848892,0.353652,0.379673,0.0
2020-03-20,13.506905,0.238896,0.0,1.0,0.02452,242.848892,0.353652,0.374694,0.0
2020-03-23,13.577311,0.238562,0.0,1.0,0.03594,242.848892,0.353652,0.370883,0.0
2020-03-24,13.306719,0.234215,0.0,1.0,0.00674,242.848892,0.353652,0.367971,0.0
2020-03-25,13.476116,0.321651,0.0,1.0,-0.016887,272.978485,0.380905,0.525864,0.0
2020-03-26,13.556825,0.302989,0.0,1.0,-0.012163,272.978485,0.380905,0.490222,0.0
2020-03-27,13.602621,0.317795,0.0,1.0,0.204581,272.978485,0.380905,0.461351,0.0
2020-03-30,13.768106,0.306466,0.0,1.0,0.212212,272.978485,0.380905,0.438318,0.0
2020-03-31,14.050254,0.287503,0.0,1.0,0.141308,272.978485,0.380905,0.420156,0.0
2020-04-01,14.226592,0.291856,0.0,1.0,0.155385,276.367813,0.420785,0.405959,0.0
2020-04-02,13.919941,0.287144,0.0,1.0,0.161661,276.367813,0.420785,0.394938,0.0
2020-04-03,13.711947,0.364813,0.0,1.0,0.135691,276.367813,0.420785,0.54132,0.0
2020-04-06,13.613605,0.339267,0.0,1.0,0.118835,276.367813,0.420785,0.502903,0.0
2020-04-07,13.621954,0.340333,0.0,1.0,0.244864,276.367813,0.420785,0.471565,0.0
2020-04-08,13.710948,0.359062,0.0,1.0,0.484087,278.55249,0.403715,0.446432,0.0
2020-04-09,13.596137,0.317938,0.0,1.0,0.288925,278.55249,0.403715,0.426533,0.0
2020-04-10,13.630732,0.30505,1.0,1.0,0.257165,278.55249,0.403715,0.410932,0.0
2020-04-13,13.511786,0.282445,1.0,1.0,0.134781,278.55249,0.403715,0.398791,0.0
2020-04-14,13.417021,0.292386,1.0,1.0,0.246067,278.55249,0.403715,0.389396,0.0
2020-04-15,13.196402,0.290088,0.0,1.0,0.327793,282.706863,0.355469,0.382157,0.0
2020-04-16,13.054924,0.259452,0.0,1.0,0.105309,282.706863,0.355469,0.376598,0.0
2020-04-17,12.848733,0.256266,0.0,1.0,0.094535,282.706863,0.355469,0.37234,0.0
2020-04-20,12.702956,0.271007,0.0,1.0,0.228898,282.706863,0.355469,0.369083,0.0
2020-04-21,12.868448,0.251134,0.0,1.0,0.072198,282.706863,0.355469,0.366597,0.0
2020-04-22,12.72649,0.246143,0.0,1.0,0.036711,290.406357,0.34603,0.364701,0.0
2020-04-23,13.138859,0.250953,0.0,1.0,0.084465,290.406357,0.34603,0.363256,0.0
2020-04-24,13.220835,0.251997,0.0,1.0,0.097705,290.406357,0.34603,0.362156,0.0
2020-04-27,13.254168,0.254705,0.0,1.0,0.124219,290.406357,0.34603,0.361318,0.0
2020-04-28,13.122283,0.258287,0.0,1.0,0.157107,290.406357,0.34603,0.36068,0.0
2020-04-29,13.236994,0.256943,0.0,1.0,0.184372,287.873932,0.326545,0.360196,0.0
2020-04-30,13.149817,0.250041,0.0,1.0,0.126351,287.873932,0.326545,0.359827,0.0
2020-05-01,13.173035,0.250551,0.0,1.0,0.131862,287.873932,0.326545,0.359546,0.0
2020-05-04,13.58808,0.250036,0.0,1.0,0.128184,287.873932,0.326545,0.359333,0.0
2020-05-05,13.576498,0.25663,0.0,1.0,0.185609,287.873932,0.326545,0.359171,0.0
2020-05-06,13.769163,0.247857,0.0,1.0,0.17802,271.552307,0.304873,0.359048,0.0
2020-05-07,13.657563,0.250268,0.0,1.0,0.19952,271.552307,0.304873,0.358954,0.0
2020-05-08,13.655926,0.250275,0.0,1.0,0.199853,271.552307,0.304873,0.358883,0.0
2020-05-11,13.953399,0.273982,0.0,1.0,0.397495,271.552307,0.304873,0.358829,0.0
2020-05-12,13.852968,0.366982,0.0,1.0,1.043582,271.552307,0.304873,0.358788,0.0
2020-05-13,14.16181,0.355024,0.0,1.0,1.029528,254.476288,0.29122,0.358756,0.0
2020-05-14,14.286884,0.351558,0.0,1.0,1.007605,254.476288,0.29122,0.358733,0.0
2020-05-15,14.195036,0.345147,0.0,1.0,0.9665,254.476288,0.29122,0.358714,0.0
2020-05-18,14.307462,0.342362,0.0,1.0,0.948473,254.476288,0.29122,0.358701,0.0
2020-05-19,14.479761,0.32803,0.0,1.0,0.853499,254.476288,0.29122,0.35869,0.0
2020-05-20,14.592586,0.364023,0.0,1.0,1.115256,240.66597,0.294608,0.358682,0.0
2020-05-21,14.324494,0.329305,0.0,1.0,0.891204,240.66597,0.294608,0.358676,0.0
2020-05-22,14.204308,0.445438,0.0,1.0,0.970903,240.66597,0.294608,0.520574,0.0
2020-05-25,14.166429,0.40266,0.0,1.0,0.863043,240.66597,0.294608,0.485905,0.0
2020-05-26,14.158028,0.215949,0.0,1.0,-0.499191,240.66597,0.294608,0.457887,0.0
2020-05-27,14.268152,0.1994,0.0,1.0,-0.628304,249.12973,0.289929,0.435575,0.0
2020-05-28,14.3029,0.205634,0.0,1.0,-0.463675,249.12973,0.289929,0.418005,0.0
2020-05-29,14.079758,0.193726,0.0,1.0,-0.562196,249.12973,0.289929,0.404285,0.0
2020-06-01,14.148386,0.190238,0.0,1.0,-0.562621,249.12973,0.289929,0.393642,0.0
2020-06-02,14.256709,0.276979,0.0,1.0,0.395808,249.12973,0.289929,0.385426,0.0
2020-06-03,14.357107,0.257611,0.0,1.0,0.356431,212.945259,0.295991,0.379106,0.0
2020-06-04,14.548886,0.245315,0.0,1.0,0.268077,212.945259,0.295991,0.37426,0.0
2020-06-05,14.699618,0.245669,0.0,1.0,0.285319,212.945259,0.295991,0.370551,0.0
2020-06-08,14.785274,0.244057,0.0,1.0,0.281691,212.945259,0.295991,0.367717,0.0
2020-06-09,14.777263,0.296443,0.0,1.0,0.714461,212.945259,0.295991,0.365555,0.0
2020-06-10,14.489991,0.282027,0.0,1.0,0.67743,196.439239,0.292858,0.363907,0.0
2020-06-11,14.569256,0.381894,0.0,1.0,0.744396,196.439239,0.292858,0.523549,0.0
2020-06-12,14.609994,0.344583,0.0,1.0,0.64602,196.439239,0.292858,0.488331,0.0
2020-06-15,14.662083,0.326104,0.0,1.0,0.631804,196.439239,0.292858,0.459833,0.0
2020-06-16,14.44349,0.240097,0.0,1.0,0.048008,196.439239,0.292858,0.437115,0.0
2020-06-17,14.261607,0.223367,0.0,1.0,0.062163,170.870163,0.300253,0.419212,0.0
2020-06-18,14.44732,0.211189,0.0,1.0,-0.010201,170.870163,0.300253,0.405225,0.0
2020-06-19,14.444797,0.209742,0.0,1.0,0.017632,170.870163,0.300253,0.394369,0.0
2020-06-22,14.567781,0.218571,0.0,1.0,0.140579,170.870163,0.300253,0.385986,0.0
2020-06-23,14.577104,0.266665,0.0,1.0,0.60037,170.870163,0.300253,0.379536,0.0
2020-06-24,14.586686,0.248876,0.0,1.0,0.457238,174.23653,0.296606,0.374589,0.0
2020-06-25,14.756278,0.257276,0.0,1.0,0.544068,174.23653,0.296606,0.370803,0.0
2020-06-26,14.669581,0.263083,0.0,1.0,0.603743,174.23653,0.296606,0.36791,0.0
2020-06-29,14.690918,0.236199,0.0,1.0,0.376693,174.23653,0.296606,0.365702,0.0
2020-06-30,14.614033,0.177714,0.0,1.0,-0.30444,174.23653,0.296606,0.364019,0.0
2020-07-01,14.542396,0.183489,0.0,1.0,-0.284323,187.904892,0.294768,0.362736,0.0
2020-07-02,14.49289,0.18076,0.0,1.0,-0.321131,187.904892,0.294768,0.36176,0.0
2020-07-03,14.535934,0.181124,0.0,1.0,-0.31214,187.904892,0.294768,0.361017,0.0
2020-07-06,14.457001,0.180944,0.0,1.0,-0.312277,187.904892,0.294768,0.360451,0.0
2020-07-07,14.680908,0.186283,0.0,1.0,-0.230205,187.904892,0.294768,0.360021,0.0
2020-07-08,14.528505,0.183224,0.0,1.0,-0.204363,172.883152,0.302909,0.359694,0.0
2020-07-09,14.500311,0.1846,0.0,1.0,-0.182619,172.883152,0.302909,0.359446,0.0
2020-07-10,14.428326,0.18967,0.0,1.0,-0.107391,172.883152,0.302909,0.359257,0.0
2020-07-13,14.685448,0.187086,0.0,1.0,-0.144326,172.883152,0.302909,0.359113,0.0
2020-07-14,14.724544,0.183349,0.0,1.0,-0.199294,172.883152,0.302909,0.359003,0.0
2020-07-15,14.912472,0.179851,0.0,1.0,-0.254139,170.333481,0.311975,0.35892,0.0
2020-07-16,14.653382,0.179283,0.0,1.0,-0.262588,170.333481,0.311975,0.358857,0.0
2020-07-17,14.704826,0.243021,0.0,1.0,-0.188547,170.333481,0.311975,0.520677,0.0
2020-07-20,14.867109,0.226537,0.0,1.0,-0.215462,170.333481,0.311975,0.485989,0.0
2020-07-21,14.886261,0.204829,0.0,1.0,-0.356598,170.333481,0.311975,0.457954,0.0
2020-07-22,15.08234,0.199851,0.0,1.0,-0.329683,170.145267,0.317386,0.435628,0.0
2020-07-23,14.993504,0.192824,0.0,1.0,-0.345828,170.145267,0.317386,0.418046,0.0
2020-07-24,15.253808,0.195975,0.0,1.0,-0.238167,170.145267,0.317386,0.404318,0.0
2020-07-27,15.685175,0.19946,0.0,1.0,-0.141013,170.145267,0.317386,0.393667,0.0
2020-07-28,15.621715,0.332405,0.0,1.0,1.036853,170.145267,0.317386,0.385445,0.0
2020-07-29,15.543086,0.310684,0.0,1.0,0.887001,170.311382,0.331797,0.379121,0.0
2020-07-30,15.82129,0.298575,0.0,1.0,0.818171,170.311382,0.331797,0.374271,0.0
2020-07-31,16.128879,0.31148,0.0,1.0,0.925149,170.311382,0.331797,0.37056,0.0
2020-08-03,16.032807,0.29459,0.0,1.0,0.81362,170.311382,0.331797,0.367724,0.0
2020-08-04,15.956955,0.242169,1.0,1.0,0.394034,170.311382,0.331797,0.36556,0.0
2020-08-05,15.907861,0.255193,0.0,1.0,0.373734,199.163338,0.338235,0.363911,0.0
2020-08-06,15.657969,0.256287,0.0,1.0,0.387845,199.163338,0.338235,0.362654,0.0
2020-08-07,15.490953,0.338545,0.0,1.0,0.389997,199.163338,0.338235,0.522836,0.0
2020-08-10,15.310004,0.295778,0.0,1.0,0.225532,199.163338,0.338235,0.487749,0.0
2020-08-11,15.174144,0.199629,0.0,1.0,-0.644008,199.163338,0.338235,0.459366,0.0
2020-08-12,15.17238,0.176402,0.0,1.0,-0.821407,192.940536,0.324709,0.436746,0.0
2020-08-13,15.219649,0.179112,0.0,1.0,-0.696757,192.940536,0.324709,0.418922,0.0
2020-08-14,15.510129,0.189302,0.0,1.0,-0.480083,192.940536,0.324709,0.404999,0.0
2020-08-17,15.33002,0.174539,0.0,1.0,-0.654191,192.940536,0.324709,0.394195,0.0
2020-08-18,15.516825,0.225877,0.0,1.0,0.070529,192.940536,0.324709,0.385851,0.0
2020-08-19,15.481674,0.222551,0.0,1.0,0.090507,190.6203,0.313467,0.379433,0.0
2020-08-20,15.47713,0.236979,0.0,1.0,0.247051,190.6203,0.313467,0.37451,0.0
2020-08-21,15.607652,0.213597,0.0,1.0,0.032977,190.6203,0.313467,0.370742,0.0
2020-08-24,15.403406,0.21362,0.0,1.0,0.04415,190.6203,0.313467,0.367863,0.0
2020-08-25,15.478896,0.177568,0.0,1.0,-0.440177,190.6203,0.313467,0.365667,0.0
2020-08-26,15.514498,0.177577,0.0,1.0,-0.440072,175.441795,0.359491,0.363992,0.0
2020-08-27,15.611134,0.177814,0.0,1.0,-0.43048,175.441795,0.359491,0.362716,0.0
2020-08-28,15.6701,0.179494,0.0,1.0,-0.399955,175.441795,0.359491,0.361744,0.0
2020-08-31,16.143508,0.189406,0.0,1.0,-0.248631,175.441795,0.359491,0.361005,0.0
2020-09-01,16.025242,0.21705,0.0,1.0,0.101127,175.441795,0.359491,0.360442,0.0
2020-09-02,15.928233,0.200755,0.0,1.0,-0.006196,164.177525,0.356288,0.360014,0.0
2020-09-03,15.814314,0.198001,0.0,1.0,-0.042189,164.177525,0.356288,0.359689,0.0
2020-09-04,15.713964,0.185904,0.0,1.0,-0.21329,164.177525,0.356288,0.359442,0.0
2020-09-07,15.598911,0.194203,0.0,1.0,-0.092901,164.177525,0.356288,0.359253,0.0
2020-09-08,15.827823,0.175079,0.0,1.0,-0.377533,164.177525,0.356288,0.35911,0.0
2020-09-09,16.104768,0.190231,0.0,1.0,-0.138522,162.17226,0.358465,0.359002,0.0
2020-09-10,15.999643,0.185917,0.0,1.0,-0.201017,162.17226,0.358465,0.358919,0.0
2020-09-11,15.845383,0.182817,0.0,1.0,-0.247004,162.17226,0.358465,0.358856,0.0
2020-09-14,15.940055,0.177127,0.0,1.0,-0.334185,162.17226,0.358465,0.358809,0.0
2020-09-15,15.839526,0.167785,0.0,1.0,-0.485196,162.17226,0.358465,0.358772,0.0
2020-09-16,15.965077,0.166995,0.0,1.0,-0.517279,159.287765,0.37826,0.358745,0.0
2020-09-17,16.008802,0.171261,0.0,1.0,-0.446499,159.287765,0.37826,0.358724,0.0
2020-09-18,15.724968,0.171992,0.0,1.0,-0.434539,159.287765,0.37826,0.358708,0.0
2020-09-21,16.024517,0.216166,0.0,1.0,-0.558268,159.287765,0.37826,0.520592,0.0
2020-09-22,16.378514,0.288031,0.0,1.0,0.300922,159.287765,0.37826,0.485919,0.0
2020-09-23,16.263395,0.279234,0.0,1.0,0.275189,158.947433,0.418551,0.457899,0.0
2020-09-24,16.192764,0.261623,0.0,1.0,0.217835,158.947433,0.418551,0.435584,0.0
2020-09-25,16.253282,0.264586,0.0,1.0,0.30915,158.947433,0.418551,0.418012,0.0
2020-09-28,16.323542,0.247649,0.0,1.0,0.216918,158.947433,0.418551,0.404291,0.0
2020-09-29,16.457987,0.247975,0.0,1.0,0.260227,158.947433,0.418551,0.393646,0.0
2020-09-30,16.86488,0.265697,0.0,1.0,0.37008,166.518841,0.435649,0.385429,0.0
2020-10-01,16.834157,0.257816,0.0,1.0,0.32841,166.518841,0.435649,0.379109,0.0
2020-10-02,16.678666,0.249423,0.0,1.0,0.274592,166.518841,0.435649,0.374262,0.0
2020-10-05,16.409798,0.242305,0.0,1.0,0.225428,166.518841,0.435649,0.370552,0.0
2020-10-06,16.271375,0.254572,0.0,1.0,-0.319205,166.518841,0.435649,0.527337,0.0
2020-10-07,16.269788,0.235789,0.0,1.0,-0.32871,181.060917,0.376774,0.491426,0.0
2020-10-08,16.628941,0.224486,0.0,1.0,-0.325313,181.060917,0.376774,0.462318,0.0
2020-10-09,16.530931,0.213493,0.0,1.0,-0.352585,181.060917,0.376774,0.439085,0.0
2020-10-12,16.580357,0.210959,0.0,1.0,-0.300003,181.060917,0.376774,0.420757,0.0
2020-10-13,16.582064,0.212363,0.0,1.0,-0.215892,181.060917,0.376774,0.406428,0.0
2020-10-14,16.825277,0.208685,0.0,1.0,-0.165892,197.012733,0.312504,0.3953,0.0
2020-10-15,17.348491,0.199056,0.0,1.0,-0.253999,197.012733,0.312504,0.386703,0.0
2020-10-16,17.243497,0.206695,0.0,1.0,-0.121435,197.012733,0.312504,0.380088,0.0
2020-10-19,17.147662,0.204043,0.0,1.0,-0.132871,197.012733,0.312504,0.375012,0.0
2020-10-20,17.369083,0.24429,0.0,1.0,0.30185,197.012733,0.312504,0.371126,0.0
2020-10-21,17.517046,0.249517,0.0,1.0,0.23312,223.76355,0.332588,0.368156,0.0
2020-10-22,17.914939,0.262788,0.0,1.0,0.354803,223.76355,0.332588,0.36589,0.0
2020-10-23,18.046326,0.268277,0.0,1.0,0.406455,223.76355,0.332588,0.364162,0.0
2020-10-26,17.974078,0.264086,0.0,1.0,0.377113,223.76355,0.332588,0.362845,0.0
2020-10-27,18.107359,0.21057,0.0,1.0,-0.140622,223.76355,0.332588,0.361843,0.0
2020-10-28,18.355383,0.208157,0.0,1.0,-0.112478,202.249557,0.349067,0.36108,0.0
2020-10-29,18.542561,0.215415,0.0,1.0,-0.017513,202.249557,0.349067,0.360499,0.0
2020-10-30,18.661377,0.216927,0.0,1.0,0.002722,202.249557,0.349067,0.360058,0.0
2020-11-02,18.907451,0.215829,0.0,1.0,-0.008763,202.249557,0.349067,0.359722,0.0
2020-11-03,19.180375,0.223831,0.0,1.0,0.07398,202.249557,0.349067,0.359467,0.0
2020-11-04,19.507003,0.231928,0.0,1.0,0.028787,218.826874,0.389355,0.359273,0.0
2020-11-05,19.665347,0.222266,0.0,1.0,-0.078023,218.826874,0.389355,0.359125,0.0
2020-11-06,19.631838,0.226209,0.0,1.0,-0.030443,218.826874,0.389355,0.359013,0.0
2020-11-09,19.672332,0.239228,0.0,1.0,0.097965,218.826874,0.389355,0.358927,0.0
2020-11-10,19.965211,0.238808,0.0,1.0,0.094371,218.826874,0.389355,0.358863,0.0
2020-11-11,19.776375,0.243499,0.0,1.0,0.004961,215.184181,0.476642,0.358813,0.0
2020-11-12,19.870022,0.253809,0.0,1.0,0.095657,215.184181,0.476642,0.358776,0.0
2020-11-13,19.782389,0.24471,0.0,1.0,0.016051,215.184181,0.476642,0.358747,0.0
2020-11-16,19.795151,0.23732,0.0,1.0,-0.061982,215.184181,0.476642,0.358726,0.0
2020-11-17,20.10721,0.245715,0.0,1.0,0.025148,215.184181,0.476642,0.358709,0.0
2020-11-18,20.159419,0.245892,,1.0,0.106463,217.455086,0.423823,0.358697,0.0
2020-11-19,20.176708,0.238393,,1.0,0.038782,217.455086,0.423823,0.358687,0.0
2020-11-20,19.856087,0.245789,,1.0,0.105613,217.455086,0.423823,0.35868,0.0
2020-11-23,20.040709,0.319129,,1.0,0.06174,217.455086,0.423823,0.520576,0.0
2020-11-24,20.202603,0.299474,,1.0,0.053715,217.455086,0.423823,0.485907,0.0
